Year	Province	Immigrant Stock	Entity Effect	1 features	2 features	3 features	4 features	5 features	6 features	7 features
2002	Andalucía	102352.0	101912.50488095723	93850.69071887834	109218.93351499629	100632.42471970682	101143.58106000545	98642.8690526869	98533.7886972313	100240.65110807244
2002	Aragón	67038.0	61942.55341795908	50767.85676407554	49714.214226960714	51399.00160145702	52232.39598598979	52305.53171358503	52862.066400226686	57805.16225353546
2002	Canarias	4004.0	4279.212866377669	4539.145586688134	4335.690588448299	4190.3944606404775	4307.064813306074	4406.9723153457035	4942.118196119077	4748.463856259493
2002	Cantabria	6933.0	6308.464375839685	6715.240983299454	6386.274905524887	6522.023932467599	6412.644015873537	6696.107961085398	6715.10177148777	6866.016787314704
2002	Castilla y León	30340.0	29556.81509890025	28383.881934557336	29036.961071932496	29303.418402262523	28838.07607651458	28395.67461617026	28856.9009222797	30080.893515697833
2002	Castilla-La Mancha	72250.0	71201.68534991438	60219.64590009667	58272.186898592576	56697.96112828326	56771.81581937733	58943.37267777731	60063.809753803915	62614.175842772
2002	Cataluña	103807.0	108071.30440070521	94384.32860811056	121010.87310682356	120481.4759993768	120782.14174636222	123096.3524518446	119004.86589102565	121959.8776515693
2002	Com. Foral de Navarra	7901.0	8344.842490557068	8006.494633271974	7721.709996056449	8213.693610855205	8360.065503598093	8307.813262171943	8287.904935407822	8387.07877015075
2002	Com. Valenciana	143272.0	146618.25742221667	116968.75091881969	128494.78812519986	124572.10973280814	123004.72277797367	125607.78739186235	125413.35998707467	122915.06513796639
2002	Com. de Madrid	216695.0	233503.5511886396	182672.9144386569	230722.12294229385	237536.83253405016	241617.1928101365	240787.0965122359	235617.72819187335	227291.23082850006
2002	Cueta	15.0	17.51109657682944	21.70022281048101	19.06706057135602	18.546945622549522	19.078656398371304	18.385530667057477	17.876767442266264	17.6537508551674
2002	Extremadura	11184.0	9526.675849420328	10994.664068589076	10045.168165467658	9614.126462692493	9602.438312904475	9143.783398515785	9665.59898862183	9810.669675160692
2002	Galicia	6414.0	6142.149878678823	6890.547432877144	7112.537896004178	7123.246962018941	6903.15083050317	6738.309316891837	6832.204480142366	6811.495260946573
2002	Illes Balears	13704.0	13740.683565795696	13286.066238321202	12903.830536501768	13221.201577082895	13184.318525030936	15170.759569044762	15593.13295018686	15242.318580685824
2002	La Rioja	12877.0	13893.396557840995	12312.192627807559	11599.587096828236	12081.311537051697	12025.149791068301	12183.409122242434	12171.909300518399	12104.972815311266
2002	Melilla	70.0	37.61542173282462	58.17262683114592	51.59445043660202	50.16730315467493	50.203818165340536	50.02793955882896	41.14995371584977	40.98363577636478
2002	País Vasco	8687.5	8914.82112037538	9136.503935737464	9494.911065560553	10107.776343939277	10157.638531580204	9281.306587508541	9169.671341111969	8755.141966469595
2002	Princ. de Asturias	9682.0	9040.355234772978	10556.353316487763	10058.68854939809	10107.35648329952	9889.306484937382	9004.646130132573	9528.947531963415	9388.01726233759
2002	Reg. de Murcia	13599.0	13731.04664830063	13520.871500387728	12846.23048443173	12609.237975433341	12451.107496591145	13077.42989209705	12821.584570063002	12090.95976907488
2003	Andalucía	106912.0	94342.64303523066	86879.6446858347	101106.36441847708	93157.64472859113	93630.83337412897	91315.86937127216	91214.8912916056	92794.97129576525
2003	Aragón	67867.0	68351.67668185158	56020.74728747882	54858.085594326236	56717.1959400397	57636.82066289695	57717.523658344115	58331.64233548188	63786.19451212492
2003	Canarias	3747.0	3758.8487299495227	3987.1729115503204	3808.458604593432	3680.8308883449304	3783.3138029915763	3871.072276075431	4341.142935585637	4171.037499805671
2003	Cantabria	6904.0	6209.5162678032775	6609.912594214656	6286.106341250801	6419.726148056326	6312.061852754446	6591.0796729818185	6609.775565936802	6758.323483465222
2003	Castilla y León	31944.0	27927.077272048864	26818.81865196599	27435.88755716465	27687.652655296195	27247.968912456126	26829.96109507249	27265.75577212136	28422.258447474756
2003	Castilla-La Mancha	78955.0	71345.1137368938	60340.952111227554	58389.570156187714	56812.17327185386	56886.176735538946	59062.107969291304	60184.80204923192	62740.30558533426
2003	Cataluña	106023.0	101615.78625200331	88746.38660619334	113782.42433530801	113284.65017026878	113567.35598610391	115743.32991086079	111896.24371047982	114674.74115803723
2003	Com. Foral de Navarra	7791.0	7794.6882533928565	7478.646809623819	7212.637299083338	7672.185685703349	7808.907651909532	7760.100267837425	7741.504446412563	7834.140002516754
2003	Com. Valenciana	148331.0	146977.84064723016	117255.6183350658	128809.92330088558	124877.62448760089	123306.39349542774	125915.84215987878	125720.93791929675	123216.51596886672
2003	Com. de Madrid	219567.0	225320.10091119664	176270.8931214882	222636.15160955378	229212.0304134464	233149.388901066	232348.38445956196	227360.18369917964	219325.49978708607
2003	Cueta	14.0	16.680892155926763	20.67141111769005	18.16308760138768	17.667631401277028	18.17413366803756	17.513869159540594	17.029226496049535	16.816783167782962
2003	Extremadura	11367.0	8996.02768604241	10382.247063206329	9485.639309644152	9078.60718707641	9067.57008234505	8634.462839756232	9127.21262675441	9264.202688467929
2003	Galicia	6243.0	5563.685217723755	6241.599057587525	6442.682567852033	6452.383059285614	6253.015473410974	6103.698652645962	6188.750815506083	6169.991980409891
2003	Illes Balears	14228.0	13031.249288477695	12600.103945757724	12237.603150690706	12538.588260125234	12503.60948752576	14387.490177846352	14788.056335717954	14455.354583213591
2003	La Rioja	12914.0	13316.457921437102	11800.915230933688	11117.901431654058	11579.62173246439	11525.792165009896	11677.479602670037	11666.457323743887	11602.30045001191
2003	Melilla	43.0	56.808797667770676	87.85537514177268	77.92066553051644	75.76531228851474	75.82045918723816	75.55483802147342	62.14683464898896	61.8956525077961
2003	País Vasco	8799.0	8076.791151349583	8277.634867375526	8602.350248160847	9157.603661610201	9202.778597874998	8408.825472405575	8307.684399791802	7932.122496767897
2003	Princ. de Asturias	9991.0	7769.472476160106	9072.353288242539	8644.649662683063	8686.47591431799	8499.07913435684	7738.78331644824	8189.3790292216145	8068.2605750812245
2003	Reg. de Murcia	14297.0	12713.81938535105	12519.214491908002	11894.55242160065	11675.116858364865	11528.70104616836	12108.624049667023	11871.732332797741	11195.233883979901
2004	Andalucía	99776.0	95331.58236762905	87790.35372525125	102166.20392808142	94134.16240948008	94612.3112177626	92273.08078689569	92171.04421245419	93767.68728093123
2004	Aragón	65607.0	67067.22246447206	54968.01400268933	53827.20086962557	55651.375099064375	56553.71837527642	56632.90481241979	57235.48306563351	62587.534134954745
2004	Canarias	3330.0	3425.6295184148616	3633.712927046768	3470.841513681114	3354.5279018389547	3447.9257804898143	3527.904528634624	3956.3037653819165	3801.278053012135
2004	Cantabria	6482.0	5999.227114536571	6386.063768854211	6073.223417229773	6202.318105681315	6098.29992909781	6367.868636281358	6385.931381124716	6529.448630490053
2004	Castilla y León	30181.0	28430.78586037205	27302.53805991121	27930.736769496772	28187.04284558077	27739.428717643215	27313.881474434555	27757.536391186874	28934.898404032727
2004	Castilla-La Mancha	76166.0	75216.73360837939	63615.419233386936	61558.14342299712	59895.14738824172	59973.16673003751	62267.177228960696	63450.795519149644	66144.976222528
2004	Cataluña	101905.0	100536.8759430405	87804.11774301526	112574.3341839441	112081.84515911787	112361.54933288186	114514.41975388161	110708.18016911179	113457.17679154975
2004	Com. Foral de Navarra	7184.0	7461.51279342025	7158.9801969553255	6904.340973224305	7344.246464565582	7475.124399234099	7428.403233636631	7410.602270345332	7499.278220495892
2004	Com. Valenciana	144127.0	147283.91935777097	117499.80105203604	129078.16765020502	125137.67989534294	123563.17684287875	126178.05963725658	125982.74951209784	123473.11214798462
2004	Com. de Madrid	219095.0	221267.9762372041	173100.86242988205	218632.29469837932	225089.9138323771	228956.46342450305	228169.86413304228	223271.3704662488	215381.181167802
2004	Cueta	18.0	15.16428488781492	18.791990517750627	16.51172085132873	16.061310951325705	16.521762622476384	15.92152859335081	15.48094907582443	15.287820847295883
2004	Extremadura	10705.0	8859.703484499925	10224.916340080143	9341.895620747602	8941.031590481023	8930.161740069276	8503.617727506935	8988.900471981779	9123.81461069527
2004	Galicia	5733.0	5261.221859638688	5902.28169204633	6092.4335281793865	6101.606663535249	5913.077467533001	5771.878084268462	5852.306483960042	5834.5674513930935
2004	Illes Balears	13311.0	13093.056156500876	12659.865902912701	12295.645776237252	12598.058450022996	12562.913774037455	14455.729660256804	14858.195692737949	14523.915944689754
2004	La Rioja	12178.0	12951.100071227023	11477.13866476856	10812.864417315765	11261.916699536023	11209.564030454896	11357.089686021434	11346.369820556649	11283.9731909978
2004	Melilla	42.0	34.86397270835264	53.91748332956833	47.82047971442672	46.49772373839876	46.531567791626	46.368554148419875	38.13996486572502	37.98581255701771
2004	País Vasco	8115.5	7928.457575250279	8125.612714206834	8444.364564086905	8989.420521279804	9033.765801345668	8254.39395006662	8155.110374658118	7786.445819736746
2004	Princ. de Asturias	8959.0	7761.664511151154	9063.235987519623	8635.962184570748	8677.746402732975	8490.537947977327	7731.006192643247	8181.149077303833	8060.152341678424
2004	Reg. de Murcia	13846.0	12925.347315697529	12727.504656395306	12092.449684404137	11869.363231602532	11720.511406058273	12310.082958822248	12069.249923214158	11381.496137787879
2005	Andalucía	93169.0	88209.2635971092	81231.4477606287	94533.26368018269	87101.3040930124	87543.72992106351	85379.2657574981	85284.85243855466	86762.20869132988
2005	Aragón	64546.0	64143.34032973979	52571.61247869129	51480.53456674244	53225.18156597694	54088.186022304064	54163.920224505106	54740.228300952775	59858.949795397704
2005	Canarias	2953.0	3027.3849755510946	3211.2777700191864	3067.3408769257057	2964.5492355499696	3047.0891988051835	3117.7700646709764	3496.3660003652817	3359.3627109174636
2005	Cantabria	6093.0	5582.426266718249	5942.387151472821	5651.281620234312	5771.407357424604	5674.615922446441	5925.45613951712	5942.263961481108	6075.810241241519
2005	Castilla y León	28442.0	26612.55628357536	25556.463137256986	26144.486753565765	26384.40132747542	25965.41339546523	25567.081108175305	25982.363031810517	27084.429397013424
2005	Castilla-La Mancha	73200.0	71796.11289458397	60722.38984607703	58758.67247559023	57171.3042753679	57245.775542635216	59435.46165184033	60565.25270111611	63136.91053121126
2005	Cataluña	98659.0	95636.13134304399	83524.0408871329	107086.81475214165	106618.33247017804	106884.40225649648	108932.32941174186	105311.62779914774	107926.62254191269
2005	Com. Foral de Navarra	6599.0	6826.450631446559	6549.6671035817535	6316.700661285689	6719.165041135252	6838.903730124456	6796.1590831306185	6779.873190381442	6861.001778197203
2005	Com. Valenciana	141391.0	141541.4488782076	112918.58715008345	124045.5234177624	120258.67181480347	118745.55725157954	121258.48806559402	121070.79291043998	118659.00409992767
2005	Com. de Madrid	210822.0	218020.72395914386	170560.4940520512	215423.7227708458	221786.57212025783	225596.3775680897	224821.32213572937	219994.71706749883	212220.321457815
2005	Cueta	18.0	18.958315043182346	23.493654937219173	20.642872916223574	20.079772654919	20.655427089560316	19.905017432396352	19.354207067342468	19.112759097506583
2005	Extremadura	9890.0	8267.963982343192	9541.994285718078	8717.950510903625	8343.860184984755	8333.716331767204	7935.661189298911	8388.531904395664	8514.435129209394
2005	Galicia	5067.0	4794.888005711689	5379.126835276262	5552.42436628004	5560.784431273702	5388.965716010517	5260.281686465417	5333.581231568856	5317.414516543836
2005	Illes Balears	12594.0	12142.85617856351	11741.103762290177	11403.316116480493	11683.781850413197	11651.187722592034	13406.63662650969	13779.8945649742	13469.874440150992
2005	La Rioja	11702.0	12101.1199607503	10723.89457456888	10103.216615858453	10522.797617156453	10473.880851373473	10611.724404853934	10601.70808367357	10543.406542083647
2005	Melilla	13.0	33.66936959001053	52.070017630307106	46.1819259367104	44.9044937804028	44.93717817773366	44.779750146016376	36.8331109009404	36.684240572867424
2005	País Vasco	7608.5	7255.36076183765	7435.778156470022	7727.469149633976	8226.251865854587	8266.83239515792	7553.626340262371	7462.771574316191	7125.4052807250155
2005	Princ. de Asturias	7792.0	6917.2916089024175	8077.268240066424	7696.476531329747	7733.715144421419	7566.872649317908	6889.968535474918	7291.141453268036	7183.307662868598
2005	Reg. de Murcia	13162.0	12382.933519020402	12193.39335135388	11584.988539706006	11371.263937452464	11228.658697153749	11793.488806880532	11562.762359360082	10903.870246492406
2006	Andalucía	88134.0	79001.67041956229	72752.223541966	84665.54913164626	78009.36362533864	78405.6074893896	76467.0777079149	76382.5195832665	77705.664194326
2006	Aragón	63180.0	60335.2936046882	49450.55336793999	48424.2503125548	50065.321519545665	50877.09133051869	50948.32936243628	51490.42331670307	56305.25775875615
2006	Canarias	2668.0	2583.0011260202314	2739.9006611021973	2617.091979702622	2529.3889199453583	2599.813005336444	2660.118766775388	2983.1413542899013	2866.248506578066
2006	Cantabria	5798.0	5030.918616880832	5355.317691752137	5092.971506310129	5201.229596739418	5114.000530215166	5340.059354394716	5355.206672135734	5475.55944223275
2006	Castilla y León	27247.0	24040.76169470259	23086.727689569518	23617.925650408077	23834.655266195037	23456.157653298305	23096.31955687488	23471.469304078742	24467.03375024741
2006	Castilla-La Mancha	71171.0	66064.58606466858	55874.88498059249	54067.932347659684	52607.28470460577	52675.81088586228	54690.69303733183	55730.29218832713	58096.6530287064
2006	Cataluña	96574.0	88610.9508192124	77388.58290622328	99220.49692026059	98786.42812362716	99032.95311809158	100930.4448911941	97575.71056621603	99998.61462234604
2006	Com. Foral de Navarra	6066.0	6020.276136374819	5776.179554167067	5570.725447948191	5925.660513410721	6031.258577593859	5993.561889791074	5979.199291015984	6050.746941116181
2006	Com. Valenciana	137523.0	132781.07453217957	105929.7573627714	116368.01813785214	112815.5447887385	111396.08088479016	113753.47976938794	113577.40156343936	111314.88473644212
2006	Com. de Madrid	201208.0	200847.6315454101	157125.75687065895	198455.19137587823	204316.85075624584	207826.56481897517	207112.55908099245	202666.13683839483	195504.11610684893
2006	Cueta	16.0	18.108009634249463	22.439933558329855	19.717012867131753	19.17916839448077	19.729003969253117	19.012251173943625	18.486145379503473	18.255526669243643
2006	Extremadura	9077.0	7331.051355305664	8460.710555829895	7730.046120778413	7398.347120070269	7389.352752286693	7036.404590210685	7437.956710754317	7549.592780877422
2006	Galicia	4572.0	4078.2437001884473	4575.162152348119	4722.558621928316	4729.669191007916	4583.530513261572	4474.079608009557	4536.423797840196	4522.673361203305
2006	Illes Balears	11858.0	11010.428036028172	10646.142566231785	10339.856589443854	10594.166426818803	10564.611988102355	12156.349841477508	12494.798194147172	12213.690172781317
2006	La Rioja	11264.0	11133.495497548163	9866.395205517889	9295.34762635636	9681.378275086367	9636.372970340533	9763.194337868372	9753.978937382688	9700.33927816957
2006	Melilla	7.0	10.68830427355472	16.529569716897896	14.660401497293819	14.254882066971913	14.265257692887214	14.215282337700273	11.692630466346461	11.645371744751033
2006	País Vasco	7293.0	6522.498777363409	6684.692260848683	6946.91962744457	7395.320439411215	7431.801940669964	6790.636632180743	6708.959081021774	6405.6700634658
2006	Princ. de Asturias	6960.0	5795.285165345797	6767.109940533961	6448.083843977869	6479.282236966026	6339.502119039775	5772.39398031865	6108.4953897536525	6018.152579133862
2006	Reg. de Murcia	12405.0	11277.87733200481	11105.25177787846	10551.141168835231	10356.489405313718	10226.610293508762	10741.034818290158	10530.898458566655	9930.80604811053
2007	Andalucía	79630.0	72321.28920187167	66600.29554963543	77506.2303324268	71412.89186975322	71775.62935282536	70001.02164886284	69923.61375919929	71134.87326250007
2007	Aragón	57043.0	57034.68570033177	46745.38898454591	45775.229253813515	47326.52659423642	48093.88899961753	48161.22999553529	48673.6690084989	53225.11067216036
2007	Canarias	2243.0	2264.7252293266984	2402.291694935345	2294.615427842698	2217.719088108053	2279.465558649932	2332.3404792330925	2615.560411356645	2513.0710323648827
2007	Cantabria	5131.0	4631.225118793847	4929.851524519515	4688.348066331582	4788.00533091671	4707.706388568387	4915.805422679655	4929.749325125068	5040.540378297629
2007	Castilla y León	24432.0	22270.58655657645	21386.800212406037	21878.884877433014	22079.65620610604	21729.028220332544	21395.685809034632	21743.212439965897	22665.47124576471
2007	Castilla-La Mancha	64702.0	62057.62423592727	52485.95083842762	50788.593839976165	49416.53767534655	49480.90759363494	51373.58272995045	52350.127915676785	54572.96378866814
2007	Cataluña	88078.0	83765.93474024297	73157.17668562764	93795.37848402116	93385.04343902499	93618.08908865668	95411.83095200875	92240.52476536938	94530.95073610223
2007	Com. Foral de Navarra	5100.0	5364.805215222112	5147.285189963828	4964.200355387529	5280.491078125895	5374.591918787374	5340.999541504359	5328.200702536294	5391.958443493598
2007	Com. Valenciana	128097.0	124771.20933595074	99539.66690948607	109348.25164085325	106010.07714976456	104676.240768877	106891.43228434578	106725.97579311529	104599.94268454157
2007	Com. de Madrid	189477.0	185404.2896002968	145044.22634392383	183195.8061512753	188606.75765184202	191846.6068723362	191187.5016312011	187082.96850423026	180471.64152159344
2007	Cueta	8.0	15.635655777000755	19.376126027301865	17.02497581832906	16.560565250531074	17.03532973071054	16.416437858493673	15.962163243541342	15.763031762931877
2007	Extremadura	7817.0	6523.290739141267	7528.480178420306	6878.322880157512	6583.171623586942	6575.168286381498	6261.109174600611	6618.416892453258	6717.752513920573
2007	Galicia	3614.0	3571.3420694014235	4006.4964897166365	4135.572447749424	4141.799215043931	4013.8247127408686	3917.977909264527	3972.573084122432	3960.531745633587
2007	Illes Balears	10330.0	10035.352869482305	9703.328244947304	9424.166722254158	9655.955073069163	9629.017953058172	11079.792707869085	11388.268330798663	11132.055022867522
2007	La Rioja	10303.0	10360.079591686745	9181.001567271676	8649.62322593617	9008.837297254027	8966.958397737013	9084.969804110178	9076.394574298305	9026.481127183582
2007	Melilla	8.0	5.763320245373141	8.913032540850475	7.9051444075844595	7.686481251778815	7.692075970395129	7.665128386480321	6.3048704606113635	6.2793877329521885
2007	País Vasco	6421.5	6045.482380163632	6195.814006133511	6438.863637641895	6854.471106577486	6888.284569881935	6294.010242273598	6218.3060967856645	5937.197816919797
2007	Princ. de Asturias	5280.0	5026.952599522606	5869.933909420092	5593.203943656179	5620.26608784031	5499.017864996556	5007.096302758044	5298.637755103769	5220.272495459771
2007	Reg. de Murcia	11490.0	10288.617352787202	10131.133970105015	9625.62820339597	9448.050681229211	9329.564157201437	9798.86497831829	9607.16112009604	9059.706931179318
2008	Andalucía	52494.0	58060.66010918807	53467.757084435005	62223.211800253885	57331.384548336144	57622.59586309484	56197.913091756076	56135.76882938018	57108.18686978411
2008	Aragón	41090.0	45757.59686670515	37502.734314528345	36724.39781087148	37968.96745216697	38584.60439598353	38638.63050493767	39049.74836218609	42701.26375586063
2008	Canarias	1547.0	1699.1841871417034	1802.397928047782	1721.6102863484548	1663.9162920244587	1710.2436014030734	1749.9147402184387	1962.4097590030178	1885.513749775201
2008	Cantabria	2926.0	3646.2717760792575	3881.3873247427787	3691.2460077416445	3769.7085013188694	3706.487267277457	3870.328500481624	3881.3068607709465	3968.535246319704
2008	Castilla y León	14386.0	17752.290613411875	17047.80840401784	17440.058062901808	17600.0965497369	17320.604589126237	17054.89127510539	17331.911089222976	18067.060399265887
2008	Castilla-La Mancha	46362.0	50110.60302004903	42381.61996977648	41011.02959059362	39903.11476733873	39955.09251320802	41483.3993662266	42271.94499193469	44066.851699718514
2008	Cataluña	63534.0	67843.77366897398	59251.51975814344	75966.82886424655	75634.48997245842	75823.23849364642	77276.02735555304	74707.52048186309	76562.5841380593
2008	Com. Foral de Navarra	3089.0	4025.33235067054	3862.1222508692645	3724.749638449698	3962.06958342053	4032.6755314361517	4007.470425642275	3997.8671728712347	4045.706020133182
2008	Com. Valenciana	95648.0	103076.02321002503	82231.73495942123	90334.80547391508	87577.07191379473	86475.16266336378	88305.17724187359	88168.49028323073	86412.13127051525
2008	Com. de Madrid	148906.0	154747.1139297978	121060.71260428178	152903.81008480815	157420.0439331836	160124.17401302143	159574.05387253492	156148.21805828676	150630.09454553062
2008	Cueta	8.0	7.200510303451665	8.923066425252761	7.840318023386985	7.626448319029583	7.845086192618092	7.56007497427346	7.3508730647269305	7.259169314125107
2008	Extremadura	4331.0	5006.238666541443	5777.661931171266	5278.704773495088	5052.193693089618	5046.051606559745	4805.029868935322	5079.242346118744	5155.476542790478
2008	Galicia	1999.0	2528.8261386160557	2836.9539659266075	2928.3511634498705	2932.760265570987	2842.1429961491845	2774.2749798058517	2812.9331935921655	2804.4068606554774
2008	Illes Balears	7025.0	7785.126289558041	7527.551526929748	7310.986375946314	7490.800838577789	7469.903827392436	8595.3714448045	8834.677597063472	8635.914984004281
2008	La Rioja	7349.0	8413.81160083537	7456.237841645901	7024.685437709842	7316.416740900092	7282.405306193624	7378.246822775232	7371.2825550365105	7330.745961021487
2008	Melilla	2.0	5.7697039693826975	8.922905034032624	7.913900516564213	7.694995159184079	7.7005960747733235	7.6736186424497665	6.311854031057385	6.2863430775330045
2008	País Vasco	4357.5	4737.221527725813	4855.0209306616625	5045.473879538877	5371.142622761982	5397.6387493272305	4931.967201369664	4872.645664196675	4652.370074713192
2008	Princ. de Asturias	2733.0	3424.6704774959053	3998.9613919081226	3810.435853775917	3828.8722572251822	3746.2704818948796	3411.1431422016713	3609.7591794623845	3556.371926280495
2008	Reg. de Murcia	7526.0	8454.891240625642	8325.475904518973	7910.065734961441	7764.137610198107	7666.768776293207	8052.426757888203	7894.8900145046655	7445.007832302433
2009	Andalucía	41053.0	39713.316706818594	36571.784866107475	42560.48953098081	39214.49441888411	39413.68208140583	38439.20335521631	38396.69686685388	39061.82787875353
2009	Aragón	29553.0	34015.87836676581	27879.271120384532	27300.66119220296	28225.865583084804	28683.525793256187	28723.688425838594	29029.31057350749	31743.821649065805
2009	Canarias	1120.0	1212.6390416371894	1286.2985146968326	1228.643641759723	1187.4697710783123	1220.5316983676735	1248.8433858926392	1400.4924877861006	1345.6149155715175
2009	Cantabria	2287.0	2176.524399724778	2316.8690475861854	2203.3703175782507	2250.20597389285	2212.4680961585145	2310.267838922976	2316.8210172119443	2368.8891901717825
2009	Castilla y León	11158.0	10920.274085813637	10486.913739101523	10728.205067548099	10826.652314642944	10654.723582677298	10491.270748305287	10661.67874596838	11113.903877614217
2009	Castilla-La Mancha	33793.0	37067.877549588135	31350.58460111331	30336.729782286555	29517.181652176154	29555.63069495484	30686.151739836816	31269.455690186674	32597.186310998568
2009	Cataluña	51353.0	50500.622911183964	44104.83813622186	56547.15194573845	56299.77005429469	56440.2681041241	57521.67526232093	55609.76514797658	56990.61213085389
2009	Com. Foral de Navarra	2551.0	2542.7469243540245	2439.649355472766	2352.8729709930776	2502.784706867985	2547.3855103588876	2531.4637926838914	2525.3975503664615	2555.6166903387657
2009	Com. Valenciana	76211.0	79256.0389053968	63228.68677153521	69459.20723545855	67338.76223258655	66491.49475269527	67898.60866837563	67793.50889274705	66443.02937376147
2009	Com. de Madrid	114556.0	124843.98315400694	97667.09815239253	123356.87694357359	127000.39964437124	129181.98714904487	128738.17150810998	125974.33974529973	121522.53123415179
2009	Cueta	7.0	7.284537425470944	9.027195099430399	7.93181144974946	7.715445970094624	7.936635261639338	7.648298074521461	7.4366548610062795	7.343880963718082
2009	Extremadura	3279.0	2908.4519316542096	3356.6222314704605	3066.7453387136625	2935.1502164616304	2931.5818761123005	2791.5565626869834	2950.864550593757	2995.1539885004777
2009	Galicia	1489.0	1466.8637952687916	1645.595558316779	1698.6111602945725	1701.1686917010788	1648.6054926297074	1609.2381614753308	1631.662136507453	1626.716375745078
2009	Illes Balears	4845.0	5482.9315873815995	5301.526077747001	5149.0029377375995	5275.643195115638	5260.925786759168	6053.573422849605	6222.1126619670795	6082.12754560558
2009	La Rioja	6709.0	6197.280036251808	5491.969170903422	5174.104780257464	5388.982491689839	5363.931017362822	5434.524078573788	5429.394475075177	5399.5368271095385
2009	Melilla	2.0	1.5873404573195937	2.4548379314608106	2.1772441934293596	2.117019729238926	2.1185606332367772	2.1111386979019624	1.7364948561243243	1.7294763732265992
2009	País Vasco	3132.5	3329.531417224592	3412.3261125348477	3546.184973278093	3775.0795491012964	3793.7022133185865	3466.407397157302	3424.713564479316	3269.894016493139
2009	Princ. de Asturias	1781.0	1866.464077645692	2179.4557563815883	2076.7083104726084	2086.7562508467736	2041.737833040776	1859.0916061746784	1967.3384291106272	1938.2420851198779
2009	Reg. de Murcia	5324.0	5748.343265253376	5660.355879661148	5377.925250746624	5278.7110882789	5212.51159916738	5474.714198597732	5367.607524829121	5061.739934268803
2010	Andalucía	26126.0	27739.914589009426	25545.541714456263	29728.67648329987	27391.485175154376	27530.61857431945	26849.941187616405	26820.250231170903	27284.84697076852
2010	Aragón	24645.0	21962.817986510978	18000.63342805911	17627.045999246573	18224.41689227963	18519.91147828694	18545.84303236165	18743.172159939215	20495.833432773015
2010	Canarias	918.0	787.8190706385876	835.6736552404732	798.2168302039184	771.4672704247536	792.9467180891303	811.3400623476296	909.8624176526199	874.2099304272177
2010	Cantabria	1603.0	1519.511116996952	1617.4908376301769	1538.2532320081584	1570.9509129764403	1544.6047232638666	1612.8822929473642	1617.457305873022	1653.8079976751442
2010	Castilla y León	8027.0	7568.875700413517	7268.512305504485	7435.7520705734005	7503.986161627651	7384.821826433154	7271.53216204194	7389.6424715939565	7703.081107211829
2010	Castilla-La Mancha	26533.0	24235.462170310573	20497.421415644185	19834.54990175747	19298.71863714113	19323.857123165883	20063.00653843316	20444.37827474542	21312.465884833196
2010	Cataluña	39328.0	36384.864762112644	31776.807461634497	40741.289069776656	40563.05450263854	40664.281027138524	41443.41702458894	40065.91736344458	41060.79480916487
2010	Com. Foral de Navarra	1969.0	1869.363245891469	1793.5685200532494	1729.7727163088848	1839.984034033135	1872.7734170364408	1861.0681727795195	1856.608424811579	1878.824772433758
2010	Com. Valenciana	60608.0	56339.87620020208	44946.68714470767	49375.70929176787	47868.37167306916	47266.083877908175	48266.34360453469	48191.63247299996	47231.631822432806
2010	Com. de Madrid	96437.0	85869.64520616407	67176.95843071453	84846.79028398279	87352.86221243245	88853.39223622569	88548.12889344199	86647.12215778476	83585.09860069845
2010	Cueta	7.0	5.654364912374323	7.007041387267888	6.156788514286856	5.988842451969763	6.160532827906355	5.936721269457735	5.7724406994577775	5.700428238134375
2010	Extremadura	2059.0	1970.622606021452	2274.2805467126022	2077.8743583851556	1988.7120380697834	1986.2943078395424	1891.4201085969844	1999.359290562535	2029.367614439948
2010	Galicia	1113.0	978.7892150195605	1098.0509505788225	1133.4264909739177	1135.1330462558983	1100.0593792092882	1073.7908740608966	1088.7536436037137	1085.4535026431877
2010	Illes Balears	3618.0	3403.3517181714205	3290.7501394244737	3196.076353633208	3274.6841806083166	3265.548827336301	3757.5591052688746	3862.1743644396797	3775.283149640691
2010	La Rioja	5585.0	5005.949938760758	4436.224048927733	4179.464112700809	4353.034947017426	4332.799226565936	4389.821876563805	4385.678359057814	4361.56037663153
2010	Melilla	1.0	1.3967686169406577	2.1601166696966647	1.9158500917526295	1.862856015298918	1.8642119224932394	1.8576810448199406	1.5280159384389675	1.5218400757846313
2010	País Vasco	2126.5	2148.7732642449596	2202.2063169513	2288.594551541719	2436.3158021402764	2448.3342750016855	2237.108651223194	2210.200782903085	2110.285190043923
2010	Princ. de Asturias	1202.0	1098.4614214214987	1282.6649581705187	1222.1954817780393	1228.1089493866343	1201.6144693665851	1094.1225350810478	1157.828534253862	1140.7045982718942
2010	Reg. de Murcia	3442.0	3654.21344594634	3598.27999300725	3418.739253336227	3355.6689546800317	3313.5860358174264	3480.267846590982	3412.1802899898257	3217.740707917398
2011	Andalucía	13296.0	16666.724783248017	15348.299354984734	17861.614805176287	16457.38105479215	16540.97533063613	16132.01002420169	16114.171072389438	16393.310576198026
2011	Aragón	16736.0	17010.13275234132	13941.433400102598	13652.091123414331	14114.752982157495	14343.612600202367	14363.696506445944	14516.527288819094	15873.957876237431
2011	Canarias	560.0	600.3421792947385	636.8088334795035	608.2655894657738	587.8816084078117	604.2496031688758	618.265892934132	693.3429349827659	666.1746514569218
2011	Cantabria	964.0	999.6388922037934	1064.0966893838522	1011.9687441395837	1033.4795269269864	1016.1471918071762	1061.0648718144596	1064.0746298884	1087.9886143781791
2011	Castilla y León	4750.0	5102.516720668979	4900.028358399203	5012.772143791038	5058.771788164237	4978.437794463678	4902.064178392321	4981.687606392294	5192.99057164728
2011	Castilla-La Mancha	16740.0	17737.45756939551	15001.659142584795	14516.516533423794	14124.352181298047	14142.750544246115	14683.719447525677	14962.83791217344	15598.174141466094
2011	Cataluña	24389.0	26013.220504035085	22718.707485056188	29127.82947304812	29000.401348009902	29072.772866219235	29629.813180559322	28644.975043497052	29356.25888471011
2011	Com. Foral de Navarra	1410.0	1346.3562205621447	1291.767204306278	1245.8200736960212	1325.1966707915929	1348.8123002696616	1340.3819278136184	1337.1699199644363	1353.170618536547
2011	Com. Valenciana	42180.0	41732.23596070222	33293.0400292231	36573.718116968514	35457.198638784925	35011.0702821198	35751.98555827759	35696.64531295971	34985.55085599758
2011	Com. de Madrid	67647.0	67097.93817652148	52491.60390553558	66298.68651818174	68256.91353679018	69429.41716745927	69190.88653358413	67705.45321059745	65312.80949074567
2011	Cueta	6.0	5.193852258265969	6.436361695259312	5.655356600458092	5.5010886944155315	5.658795963153943	5.4532124562015545	5.302311511054523	5.236164014268577
2011	Extremadura	918.0	1169.1986274984051	1349.363234562301	1232.8326288933308	1179.9313467204968	1178.4968727333307	1122.2066509524275	1186.2485141797129	1204.0528826994846
2011	Galicia	634.0	684.0161270621826	767.3608852717733	792.082694382942	793.2753018582658	768.764453631755	750.4069963982714	760.8635640797995	758.5572966997148
2011	Illes Balears	2268.0	2376.2063266631803	2297.588362383392	2231.4875102248543	2286.3711752854388	2279.9929087885134	2623.512483613663	2696.5544320493523	2635.887339302398
2011	La Rioja	4031.0	3870.708940593813	3430.1845401419837	3231.6521950530746	3365.860924352109	3350.2142269162314	3394.305375222389	3391.101517722385	3372.452971223014
2011	Melilla	2.0	0.6690662965258539	1.0347177354422987	0.9177115737288278	0.8923268750459827	0.8929763683077404	0.889848011839145	0.7319350911556685	0.72897679047231
2011	País Vasco	1326.0	1371.7657212198508	1405.8771052836537	1461.0269067539712	1555.3313879380446	1563.0039187569187	1428.1585746882745	1410.9807309358332	1347.1951340186463
2011	Princ. de Asturias	656.0	697.419639434723	814.3715520616182	775.9791246171708	779.7336201023725	762.9121183707219	694.6648548896367	735.1121697488486	724.240081730689
2011	Reg. de Murcia	2004.0	2228.273289471589	2194.1660811719894	2084.6853843000763	2046.2262565196515	2020.5648534758404	2122.2044080014516	2080.6858470405286	1962.1201054501896
2012	Andalucía	7779.0	7399.580137458373	6814.234501853774	7930.079355972757	7306.63711985119	7343.750743024582	7162.181082652947	7154.261065059826	7278.1915405926
2012	Aragón	11605.0	9902.311810800897	8115.8931930339095	7947.4549165354565	8216.789792103016	8350.018575897733	8361.71026019546	8450.67946951214	9240.896755516835
2012	Canarias	386.0	315.9926277059225	335.18700430798657	320.1631479303695	309.4339538811023	318.049316674537	325.42684966549575	364.943966096005	350.6438259464717
2012	Cantabria	477.0	519.1534930626316	552.6290719162884	525.5568910809884	536.7283231948115	527.7269304013156	551.0545246535174	552.617615515173	565.0371288791893
2012	Castilla y León	2789.0	2610.1106333282064	2506.5309575684664	2564.2032336632974	2587.733614351998	2546.640047656528	2507.5723486510406	2548.302436852988	2656.3910814686446
2012	Castilla-La Mancha	10649.0	9636.198254066341	8149.925719190897	7886.3631231942545	7673.312665964045	7683.307913153459	7977.199164528801	8128.835375704689	8473.993402975651
2012	Cataluña	15508.0	13905.457353084406	12144.363978371872	15570.382393158785	15502.265246416922	15540.951692790644	15838.719527181009	15312.270881097904	15692.490128399177
2012	Com. Foral de Navarra	1067.0	823.8355616438558	790.4325348817703	762.3174791676006	810.8880301487545	825.3384371640063	820.1798910666797	818.2144630098088	828.0052927274781
2012	Com. Valenciana	27950.0	24860.380398021236	19833.05281107937	21787.391066561446	21122.26737236059	20856.503499476294	21297.875383439834	21264.90855292498	20841.301279266085
2012	Com. de Madrid	47442.0	40268.50119052487	31502.58073208952	39788.83419582958	40964.05461501295	41667.7269651719	41524.57396561314	40633.098382894495	39197.16489373302
2012	Cueta	4.0	3.762802708424109	4.662966525621716	4.097149875497701	3.985387032464183	4.09964159890908	3.9507020183623656	3.8413784456328286	3.7934564086388978
2012	Extremadura	364.0	458.4274372799016	529.0676152294391	483.37749409424845	462.6355956306823	462.07315720635	440.00249999890093	465.1124740849374	472.09333331701646
2012	Galicia	357.0	337.5971154636876	378.7320373571571	390.9335207941345	391.5221338803182	379.42477048279375	370.36442180959875	375.52527540247576	374.3870139138927
2012	Illes Balears	1414.0	1283.1383796300317	1240.6851102468806	1204.9910127355865	1234.627890755724	1231.1836618409704	1416.6823475680283	1456.124598987501	1423.3647017467988
2012	La Rioja	2875.0	2386.052358113094	2114.496345858864	1992.1134497456694	2074.8448201323567	2065.1996001257526	2092.3790625969564	2090.404082855447	2078.9084087985425
2012	Melilla	1.0	1.0743257954639185	1.6614556135644725	1.473577762879541	1.4328173229251342	1.4338602201218835	1.428836989884357	1.1752747868437634	1.170524616716568
2012	País Vasco	772.5	737.076056974676	755.404758497658	785.0378055857058	835.709413769928	839.8320118750648	767.3770197652418	758.1470345392535	723.8738087688297
2012	Princ. de Asturias	317.0	330.64374741880766	386.09016227758076	367.8884722692154	369.6684629472813	361.69345901095284	329.33771553525327	348.5136191116394	343.3592074470857
2012	Reg. de Murcia	1150.0	1122.580518613613	1105.3976677656783	1050.2424504710373	1030.867148611446	1017.9392051345902	1069.14413783747	1048.2275258959176	988.4953591490587
2013	Andalucía	3626.0	4136.842019376173	3809.5960978178045	4433.4252602667	4084.880884622237	4105.629791044348	4004.120653158683	3999.692853072093	4068.9779731926174
2013	Aragón	5807.0	6493.980112172364	5322.438840048468	5211.9762694276815	5388.60727831416	5475.979307074969	5483.646765619784	5541.9931686555	6060.221178200906
2013	Canarias	204.0	206.0698922732043	218.58721948857124	208.78963500775578	201.79275068813672	207.41113139412553	212.22227980516922	237.9927795313883	228.66715582459562
2013	Cantabria	171.0	247.9773227467183	263.96716877964286	251.03595091409574	256.3720641519939	252.07248548065587	263.2150751888693	263.96169654895414	269.89396458717437
2013	Castilla y León	1012.0	1464.1268913881431	1406.0244543708575	1438.3753935378816	1451.5746283484755	1428.5234230494991	1406.6086168461868	1429.455930926909	1490.0876486842842
2013	Castilla-La Mancha	4647.0	5827.90073153854	4929.014203377813	4769.613513861399	4640.762188597038	4646.80723944294	4824.55047320844	4916.2589211605955	5125.0079180775065
2013	Cataluña	6504.0	8406.432849010762	7341.777957089869	9412.949944611168	9371.770269220995	9395.157850466974	9575.171009389987	9256.910697673697	9486.769197770447
2013	Com. Foral de Navarra	632.0	586.4938984874498	562.7140663230242	542.6987751657775	577.2764665436298	587.5638053521101	583.8914028096524	582.492201783454	589.462357185686
2013	Com. Valenciana	13973.0	15622.860217664784	12463.566799714763	13691.719904960933	13273.740198472457	13106.727796791463	13384.09649094542	13363.37934274788	13097.174356436175
2013	Com. de Madrid	25563.0	26690.834240749544	20880.592413851202	26372.90057379744	27151.86210644437	27618.27137181604	27523.386465019757	26932.497151920175	25980.72935309859
2013	Cueta	4.0	2.3781426803129255	2.9470585015326836	2.5894546543048946	2.518819011756833	2.591029457517103	2.496897609335675	2.427803618919874	2.3975162373232632
2013	Extremadura	88.0	177.8448456246409	205.24938235323566	187.5241070336047	179.47738157558504	179.2591861391551	170.69697475149644	180.4382753408922	183.14646802635406
2013	Galicia	133.0	182.0730405542934	204.25794664219197	210.8384566254955	211.15590772149903	204.6315518085281	199.74512015420262	202.52847422469006	201.91458648489845
2013	Illes Balears	671.0	761.4891845557701	736.2949373899866	715.111977205157	732.7002299100916	730.6562235041143	840.7419673123486	864.1493007280304	844.7076661919751
2013	La Rioja	1476.0	1606.7325393219503	1423.8707175124623	1341.4598765378623	1397.1699636912335	1390.6750145000155	1408.9772644926759	1407.6473422030867	1399.906324489931
2013	Melilla	1.0	0.518210267756997	0.8014173745123737	0.7107928807879118	0.6911317327526969	0.6916347831661304	0.6892117849495889	0.5669038801356874	0.5646125948068804
2013	País Vasco	349.5	410.42943562252407	420.6354904123755	437.1361957019261	465.3518992949822	467.64750447382187	427.3020594708637	422.1624845365543	403.07796730551684
2013	Princ. de Asturias	91.0	154.4595663127415	180.3612482877967	171.8583651490752	172.6898842397011	168.96437707688915	153.84945612647837	162.80744118800104	160.39956807223962
2013	Reg. de Murcia	553.0	616.2921802599316	606.858864398337	576.5788724016784	565.9419097711592	558.8445209072692	586.9558225843142	575.4726869309087	542.6799681319621
2014	Andalucía	1769.0	1255.764445053412	1156.4268848669337	1345.7941554374693	1239.9913153948467	1246.289776597035	1215.4760385795373	1214.1319519809892	1235.1638864883007
2014	Aragón	2629.0	2107.092013330293	1726.963769150422	1691.1221440905138	1748.4333433400368	1776.7828148213703	1779.2706636264577	1798.2022337451674	1966.3509008392368
2014	Canarias	125.0	70.38543027567738	74.66086057864946	71.31438821562116	68.92452568891781	70.84354519769352	72.48684566869339	81.28904230033116	78.10377331246063
2014	Cantabria	51.0	58.82269922857423	62.61565050931137	59.548236397654215	60.81401578653445	59.794112755917276	62.43724639319388	62.6143524415028	64.02154570696091
2014	Castilla y León	368.0	351.27488111745987	337.33488262693874	345.0965543623443	348.26332881762175	342.7328591236085	337.47503550937097	342.9565874054295	357.5034136214115
2014	Castilla-La Mancha	2018.0	1662.8356465818385	1406.3624103152922	1360.8816856380136	1324.11740521721	1325.8421988427385	1376.5564780761752	1402.723031586993	1462.2839762995866
2014	Cataluña	2347.0	2310.7663300404665	2018.1132247874848	2587.4384758718857	2576.1189769735192	2582.5477721896305	2632.029919263755	2544.546295030828	2607.729965469556
2014	Com. Foral de Navarra	388.0	222.96508866102394	213.92480298957997	206.3156681307845	219.4609336546701	223.37183096397584	221.97570807064355	221.44377929582512	224.09359597976288
2014	Com. Valenciana	5665.0	5064.755255855494	4040.54792631287	4438.701325122494	4303.197013761838	4249.05347490776	4338.973280369357	4332.257014349055	4245.956357185608
2014	Com. de Madrid	13961.0	9283.809071978822	7262.84654617675	9173.22296459402	9444.167292458798	9606.397312324634	9573.393722007313	9367.866104698369	9036.814986347526
2014	Cueta	4.0	1.4786155985393903	1.8323402991114737	1.6099992970404249	1.5660814262797549	1.6109784345049167	1.5524517446672461	1.509492399612015	1.49066115149625
2014	Extremadura	49.0	29.138106798945227	33.62806722016968	30.72395738504858	29.40558155608338	29.36983240683251	27.966999342019914	29.563014429988897	30.006724830613358
2014	Galicia	71.0	44.778597283518124	50.23469870555401	51.85309320023293	51.931166344625304	50.32658224435512	49.12482522125962	49.80935649859956	49.658378452680566
2014	Illes Balears	310.0	235.07182440902662	227.29435656576652	220.75517360949593	226.18466983264702	225.55368475143788	259.53717022079854	266.7630175239151	260.7613820541349
2014	La Rioja	647.0	534.0498375175846	473.2697612848983	445.8778368948279	464.39489699302186	462.23608930389724	468.31943758718484	467.87739464270913	465.30441553712916
2014	Melilla	1.0	0.3221984078465577	0.4982830680026964	0.4419370837436307	0.42971272041559205	0.43002549314967237	0.42851898851987447	0.35247377164554067	0.35104915980205254
2014	País Vasco	197.0	121.14587878512778	124.15838561122897	129.02887556486746	137.3572650775174	138.03485562682195	126.126147416245	124.60910631743948	118.9759562300507
2014	Princ. de Asturias	38.0	29.737764753155755	34.724559314819025	33.08751769584346	33.247608259963776	32.5303444592253	29.62030156440213	31.344962967908025	30.881380387810815
2014	Reg. de Murcia	287.0	192.63201435502728	189.6834800482967	180.218982461275	176.89422903462622	174.67582620995395	183.46246482332577	179.87322643465345	169.62333574846173
2015	Andalucía	402.0	651.2792615717188	599.7596528589294	697.9715242244895	643.0988163638849	646.365398067928	630.3844164265454	629.6873304954706	640.5951586548863
2015	Aragón	229.0	1018.7117275003422	834.9318555961686	817.6035739880538	845.3117093818763	859.0177738934228	860.2205693755169	869.3733792091241	950.6678922387401
2015	Canarias	54.0	45.21835487591922	47.96505861744423	45.81515381042395	44.2798125982743	45.512665829713846	46.568386361284084	52.223261943035816	50.176920492757546
2015	Cantabria	13.0	19.215365933777765	20.45439351639762	19.452374136142893	19.865861012259458	19.53269354107415	20.396114987526158	20.45396948199805	20.91365143964256
2015	Castilla y León	85.0	138.23538161185317	132.74964632421813	135.80405673602027	137.0502610587187	134.8738840111693	132.80479996095252	134.96192664124996	140.68646369556663
2015	Castilla-La Mancha	229.0	773.0805079687583	653.8417484552067	632.6969878117997	615.6046500084545	616.4065358321712	639.9844647944519	652.1497395295213	679.8406333879509
2015	Cataluña	579.0	902.808795317448	788.4701908620473	1010.9036915554352	1006.4812006132834	1008.9929097328724	1028.325421639832	994.145857753617	1018.8315097171914
2015	Com. Foral de Navarra	193.0	143.5003614130231	137.68203232428644	132.7847920933836	141.24508677393592	143.76214081457013	142.86359593037633	142.52124649849517	144.22666887697986
2015	Com. Valenciana	1010.0	2207.529169611352	1761.1171632106257	1934.6566922601237	1875.5956508423953	1851.9965951470242	1891.189129327772	1888.2617710643028	1850.6466823934945
2015	Com. de Madrid	2961.0	5353.230494163188	4187.902972150854	5289.464326882777	5445.696260015069	5539.24134293106	5520.210810879641	5401.699464961093	5210.808751015721
2015	Cueta	4.0	1.5048660892459926	1.8648706146584406	1.6385822983467444	1.593884734974015	1.6395788188544977	1.5800130798351508	1.5362910592818064	1.5171254920203858
2015	Extremadura	8.0	17.10997862107425	19.746496063566465	18.04119456491274	17.267040554023065	17.24604855259947	16.422301014247083	17.359485582293548	17.620033582924393
2015	Galicia	13.0	25.273356224287397	28.35281836022414	29.266251630955516	29.310316664464366	28.404678077770996	27.726397935420263	28.11275221778736	28.027539143505507
2015	Illes Balears	113.0	115.83364333395049	112.00122982177271	108.77899173281256	111.45442223400778	111.14349896181398	127.88915082799848	131.44974862145588	128.49239163418338
2015	La Rioja	95.0	250.48380531350398	221.9763071130072	209.12875436778484	217.81375593650404	216.80121679329292	219.65447152721123	219.44714144101755	218.24034471142093
2015	Melilla	0.0	0.3279185330225757	0.5071292989357279	0.4497829804872975	0.4373415928452628	0.43765991836652957	0.43612666812020834	0.35873138821339123	0.35728148463079595
2015	País Vasco	106.0	71.95822303151157	73.74759168565312	76.64056506511305	81.58746145196842	81.98993665260963	74.91640274433864	74.01531074822182	70.66933254059944
2015	Princ. de Asturias	17.0	13.326297732940004	15.561015426531235	14.827412743317879	14.89915366061314	14.57772832683155	13.273659296965247	14.046526778512957	13.838782869800898
2015	Reg. de Murcia	86.0	105.88010970174486	104.25944899847974	99.0572916824127	97.2298422902466	96.01049806428591	100.8400704664037	98.86724702056704	93.23339870143622
2016	Andalucía	182.0	606.4035616420686	558.4338563846853	649.8785439491002	598.7867812491587	601.8282826397392	586.9484534210345	586.2993994493876	596.455635392916
2016	Aragón	60.0	385.35962745780967	315.8391330339219	309.28416761561624	319.7656379321641	324.9503862485915	325.40538132362155	328.8677184033422	359.6199149372205
2016	Canarias	35.0	76.97748057531315	81.65333254935256	77.99344142825144	75.37975283522238	77.47850091961791	79.27570709695252	88.90228631339188	85.41869630505352
2016	Cantabria	9.0	19.929265646374734	21.214326254760557	20.17507930621255	20.603928271348867	20.258382781303784	21.153882530328662	21.213886466404666	21.690646777830136
2016	Castilla y León	58.0	130.69451367807895	125.5080303246546	128.39581982318273	129.5740425473469	127.51638888087625	125.56017527948835	127.59962870404713	133.0118869668905
2016	Castilla-La Mancha	97.0	374.91934925714173	317.0923601373281	306.83782672339737	298.54858892674036	298.93747793391003	310.3720202516253	316.27178986189585	329.70098875998826
2016	Cataluña	344.0	908.0148549861547	793.0169153533393	1016.7330819699383	1012.285088671309	1014.8112815970093	1034.2552747069167	999.8786138828284	1024.706616007089
2016	Com. Foral de Navarra	82.0	278.88626057174065	267.5786093131964	258.0610512968301	274.5032394806161	279.3950166311213	277.64873655042226	276.98339639429963	280.2978052581354
2016	Com. Valenciana	502.0	1636.512375555182	1305.572796985615	1434.2232315289198	1390.4393819092552	1372.944642891291	1401.9993290531313	1399.829184217991	1371.9439091490228
2016	Com. de Madrid	1397.0	4671.467189023232	3654.550527302442	4615.821993370821	4752.156931741379	4833.788534567557	4817.181645294847	4713.763370182452	4547.183637092811
2016	Cueta	0.0	5.635614342253438	6.983805175437194	6.136371845651979	5.968982713152263	6.140103742666583	5.917034370897739	5.753298575491391	5.6815249163547135
2016	Extremadura	2.0	11.677630050087247	13.477063935767532	12.313188722001351	11.784825458599833	11.770498332186387	11.208287284435523	11.847919566665125	12.025744637580715
2016	Galicia	10.0	19.210449937336016	21.551170048718955	22.245476889597445	22.278971021231445	21.59058897269793	21.07502362385848	21.36869414128489	21.303923104032428
2016	Illes Balears	82.0	168.10995386930074	162.54795270800722	157.87150223213575	161.75436808346487	161.30312356208964	185.60617301914274	190.7736866496995	186.48165945970524
2016	La Rioja	31.0	154.74138940350636	137.1303112164686	129.19347809569135	134.55881182668122	133.93329548381908	135.6959507632533	135.5678684484601	134.82234558948062
2016	Melilla	0.0	0.0	0.0	0.0	0.0	0.0	0.0	0.0	0.0
2016	País Vasco	58.5	150.55607868502597	154.29992221728608	160.35280553488718	170.7030516956339	171.54513874870057	156.74539130067808	154.8600629566136	147.8593709288995
2016	Princ. de Asturias	12.0	23.443296726348233	27.374557384061443	26.084021503318986	26.210226368711997	25.644782790441848	23.350696478440156	24.71030603115808	24.344848032798208
2016	Reg. de Murcia	66.0	127.8313761573714	125.87471698346106	119.59403848234093	117.38771879381218	115.9155777953454	121.74642636693697	119.36459339842928	112.56272489144455
