		Population	reach_difficulty - farmacie - per 100 famiglie con le stesse caratteristiche	reach_difficulty - farmacie - valori in migliaia	reach_difficulty - negozi alimentari, mercati - per 100 famiglie con le stesse caratteristiche	reach_difficulty - negozi alimentari, mercati - valori in migliaia	reach_difficulty - polizia, carabinieri - per 100 famiglie con le stesse caratteristiche	reach_difficulty - polizia, carabinieri - valori in migliaia	reach_difficulty - pronto soccorso - per 100 famiglie con le stesse caratteristiche	reach_difficulty - pronto soccorso - valori in migliaia	reach_difficulty - supermercati - per 100 famiglie con le stesse caratteristiche	reach_difficulty - supermercati - valori in migliaia	reach_difficulty - uffici comunali - per 100 famiglie con le stesse caratteristiche	reach_difficulty - uffici comunali - valori in migliaia	reach_difficulty - uffici postali - per 100 famiglie con le stesse caratteristiche	reach_difficulty - uffici postali - valori in migliaia	reddito mediano annuale delle famiglie (in euro) - esclusi fitti imputati	reddito mediano annuale delle famiglie (in euro) - inclusi fitti imputati	reddito medio annuale delle famiglie (in euro) - esclusi fitti imputati	reddito medio annuale delle famiglie (in euro) - inclusi fitti imputati	nati vivi - dati corretti (110 province)	nati vivi - senza correzione (110 province)	spesa media mensile per abitazione (in euro)	spesa media mensile per abitazioni (per 100 euro di reddito medio mensile)	homogeneity_net_income - esclusi fitti imputati	homogeneity_net_income - inclusi fitti imputati	political_info - mai - per 100 persone con le stesse caratteristiche	political_info - mai - valori in migliaia	political_info - qualche volta a settimana - per 100 persone con le stesse caratteristiche	political_info - qualche volta a settimana - valori in migliaia	political_info - qualche volta al mese - per 100 persone con le stesse caratteristiche	political_info - qualche volta al mese - valori in migliaia	political_info - qualche volta all'anno - per 100 persone con le stesse caratteristiche	political_info - qualche volta all'anno - valori in migliaia	political_info - tutti i giorni - per 100 persone con le stesse caratteristiche	political_info - tutti i giorni - valori in migliaia	political_info - una volta a settimana  - per 100 persone con le stesse caratteristiche	political_info - una volta a settimana  - valori in migliaia	attività gratuita per un sindacato - per 100 persone con le stesse caratteristiche	attività gratuita per un sindacato - valori in migliaia	attività gratuite in associazioni di volontariato - per 100 persone con le stesse caratteristiche	attività gratuite in associazioni di volontariato - valori in migliaia	attività gratuite in associazioni non di volontariato - per 100 persone con le stesse caratteristiche	attività gratuite in associazioni non di volontariato - valori in migliaia	riunioni in associazioni culturali, ricreative o di altro tipo - per 100 persone con le stesse caratteristiche	riunioni in associazioni culturali, ricreative o di altro tipo - valori in migliaia	riunioni in associazioni ecologiche, per i diritti civili, per la pace - per 100 persone con le stesse caratteristiche	riunioni in associazioni ecologiche, per i diritti civili, per la pace - valori in migliaia	versare soldi ad un'associazione - per 100 persone con le stesse caratteristiche	versare soldi ad un'associazione - valori in migliaia	internal_migration - Foreign country	internal_migration - Italia	internal_migration - Totale	età media dei padri alla nascita del figlio	età media delle madri al parto	tasso di fecondità totale
Abruzzo	2005		25.4	124.0	24.8	121.0	37.6	184.0	62.0	304.0	44.4	218.0	34.9	171.0	28.3	139.0	22154.0	26251.0	26293.0	30672.0	11200.0	10889.0	265.0	12.3	0.289	0.258	29.3	331.0	19.0	215.0	8.3	94.0	10.2	116.0	28.9	326.0	3.0	34.0	1.6	18.0	7.2	81.0	3.0	34.0	7.1	80.0	1.7	19.0	15.6	176.0	3005.0	21989.0	24994.0	34.98	31.36	1.23
Abruzzo	2006		24.4	120.0	21.1	104.0	38.8	191.0	62.8	309.0	38.6	190.0	32.6	160.0	24.0	118.0	22101.0	25708.0	26874.0	30244.0	11087.0	10773.0	269.0	12.3	0.31	0.275	32.1	365.0	18.0	205.0	7.1	80.0	5.8	65.0	31.9	363.0	3.2	36.0	1.0	11.0	5.1	57.0	3.0	34.0	8.2	94.0	1.1	12.0	11.2	127.0	3111.0	21855.0	24966.0	35.2	31.46	1.23
Abruzzo	2007		25.5	127.0	21.1	105.0	39.0	194.0	59.3	295.0	35.5	177.0	32.4	162.0	24.3	121.0	23309.0	27238.0	28442.0	32540.0	11428.0	10961.0	267.0	11.9	0.317	0.281	29.0	331.0	19.6	224.0	8.6	98.0	5.8	66.0	30.6	350.0	3.7	43.0	1.3	14.0	6.2	70.0	2.9	33.0	8.2	94.0	1.3	14.0	12.6	144.0	3250.0	23294.0	26544.0	35.15	31.47	1.28
Abruzzo	2008		26.9	136.0	24.6	125.0	41.1	208.0	55.8	282.0	36.9	187.0	35.4	179.0	25.6	130.0	21895.0	25664.0	27298.0	30985.0	11743.0	11349.0	286.0	12.1	0.282	0.252	25.9	300.0	21.3	246.0	6.8	78.0	6.4	74.0	33.6	388.0	4.2	49.0	0.8	9.0	6.7	77.0	2.2	25.0	8.1	94.0	1.7	20.0	10.1	117.0	3806.0	23459.0	27265.0	35.24	31.57	1.33
Abruzzo	2009		19.5	101.0	16.0	83.0	34.5	179.0	53.7	279.0	32.0	167.0	31.0	161.0	17.5	91.0	23079.0	26828.0	27501.0	31556.0	11402.0	10880.0	280.0	12.3	0.304	0.273	23.1	269.0	22.2	259.0	8.3	96.0	5.6	65.0	33.7	393.0	3.3	38.0	1.5	17.0	6.2	72.0	2.6	30.0	7.2	84.0	2.0	23.0	10.5	123.0	3948.0	21017.0	24965.0	35.22	31.54	1.31
Abruzzo	2010		24.5	131.0	24.1	129.0	38.5	205.0	60.1	321.0	33.0	176.0	33.7	180.0	25.0	134.0	21532.0	26417.0	25147.0	30171.0	11737.0	11081.0	267.0	11.7	0.299	0.258	26.7	312.0	19.8	232.0	10.1	118.0	8.6	101.0	26.9	314.0	5.4	63.0	1.3	15.0	6.5	76.0	3.0	35.0	7.6	88.0	1.1	13.0	14.2	166.0	3969.0	20820.0	24789.0	35.3	31.73	1.37
Abruzzo	2011		24.6	133.0	22.8	123.0	38.2	206.0	57.3	309.0	33.8	183.0	32.5	176.0	23.6	127.0	22787.0	27567.0	26978.0	31487.0	11338.0	10179.0	286.0	13.6	0.307	0.265	24.5	284.0	19.3	225.0	8.0	93.0	5.5	65.0	36.7	427.0	3.9	45.0	0.6	6.0	9.4	110.0	3.7	44.0	10.3	120.0	2.3	27.0	13.8	161.0	4284.0	21413.0	25697.0	35.2	31.64	1.35
Abruzzo	2012		20.3	110.0	21.2	114.0	30.5	165.0	53.1	287.0	29.8	161.0	30.2	163.0	22.7	123.0	22950.0	26466.0	25947.0	30401.0	11188.0	10086.0	274.0	12.2	0.304	0.261	21.2	248.0	23.9	279.0	8.5	100.0	6.7	78.0	33.3	388.0	3.7	44.0	1.1	12.0	5.9	69.0	2.4	28.0	7.1	83.0	1.0	12.0	9.7	113.0	5362.0	26679.0	32041.0	35.3	31.72	1.34
Abruzzo	2013		24.8	132.0	26.3	140.0	37.6	200.0	55.7	297.0	37.4	199.0	35.4	189.0	26.6	142.0	23073.0	26238.0	26347.0	30204.0	10791.0	9464.0	259.0	12.0	0.313	0.27699999999999997	19.4	227.0	22.5	263.0	9.2	108.0	6.6	77.0	37.5	439.0	2.8	33.0	0.8	9.0	7.2	84.0	1.9	22.0	8.8	103.0	1.3	15.0	9.7	114.0	4694.0	23727.0	28421.0	35.46	31.94	1.3
Abruzzo	2014		21.2	114.0	23.1	124.0	36.1	194.0	53.6	287.0	34.0	182.0	32.7	176.0	23.8	128.0	22651.0	26216.0	26040.0	30107.0	10534.0	9920.0	240.0	10.9	0.303	0.266	24.6	288.0	22.3	261.0	7.9	92.0	6.1	71.0	32.4	379.0	4.1	48.0	1.6	18.0	8.6	101.0	4.5	52.0	9.0	106.0	1.6	19.0	12.5	146.0	4466.0	22049.0	26515.0	35.46	31.89	1.29
Abruzzo	2015		24.9	137.0	25.6	141.0	39.8	219.0	62.5	345.0	36.8	203.0	34.8	192.0	27.7	153.0	22990.0	26492.0	26317.0	30485.0	10238.0	9863.0	222.0	10.2	0.312	0.26899999999999996	21.1	247.0	25.3	296.0	10.3	120.0	6.3	74.0	30.7	359.0	4.0	47.0	1.5	18.0	8.3	98.0	2.9	34.0	8.9	104.0	1.2	14.0	12.8	150.0	3727.0	21610.0	25337.0	35.51	32.04	1.28
Basilicata	2005		35.4	77.0	25.6	56.0	42.9	94.0	63.7	139.0	44.3	97.0	42.1	92.0	38.7	85.0	19158.0	21159.0	22259.0	25207.0	4908.0	4636.0	245.0	13.0	0.29	0.267	30.1	154.0	16.6	85.0	12.9	66.0	13.6	70.0	21.8	112.0	2.8	14.0	1.7	9.0	7.3	37.0	3.2	16.0	8.1	41.0	1.9	10.0	13.7	70.0	280.0	5407.0	5687.0	35.28	31.33	1.16
Basilicata	2006		27.0	60.0	18.2	41.0	40.4	90.0	66.6	149.0	33.4	75.0	34.7	78.0	26.7	60.0	20118.0	22423.0	24067.0	26535.0	4958.0	4876.0	237.0	12.8	0.308	0.27899999999999997	33.4	171.0	16.0	82.0	8.0	41.0	8.2	42.0	28.7	147.0	4.2	21.0	2.0	10.0	9.2	47.0	3.8	19.0	8.9	45.0	2.7	14.0	15.9	82.0	270.0	5234.0	5504.0	35.3	31.44	1.2
Basilicata	2007		29.8	64.0	26.9	58.0	44.2	96.0	68.6	148.0	36.6	79.0	37.8	82.0	32.3	70.0	20936.0	23154.0	25082.0	27835.0	4873.0	4805.0	242.0	12.1	0.313	0.285	27.9	143.0	19.2	98.0	9.9	51.0	7.5	39.0	28.9	148.0	3.6	18.0	1.7	9.0	7.8	40.0	3.9	20.0	9.2	47.0	1.6	8.0	15.2	78.0	319.0	5428.0	5747.0	35.46	31.53	1.2
Basilicata	2008		34.5	76.0	28.6	63.0	45.2	100.0	66.9	148.0	34.7	77.0	39.6	88.0	36.2	80.0	20260.0	23296.0	23844.0	26529.0	4923.0	4774.0	254.0	12.2	0.298	0.27	32.3	166.0	19.1	98.0	8.7	44.0	7.2	37.0	28.3	145.0	2.8	14.0	1.0	5.0	8.9	46.0	3.4	18.0	9.2	47.0	2.2	11.0	13.2	68.0	345.0	5098.0	5443.0	35.48	31.66	1.23
Basilicata	2009		27.2	62.0	23.8	54.0	40.3	92.0	69.0	158.0	35.2	80.0	35.8	82.0	31.0	71.0	21791.0	24701.0	25806.0	28572.0	4729.0	4632.0	240.0	12.1	0.307	0.27899999999999997	28.3	145.0	19.6	100.0	10.4	54.0	8.4	43.0	26.0	134.0	3.9	20.0	1.6	8.0	8.1	42.0	2.6	14.0	9.4	48.0	1.6	8.0	14.5	75.0	503.0	5106.0	5609.0	35.82	32.05	1.2
Basilicata	2010		31.1	72.0	28.2	66.0	38.2	89.0	73.0	170.0	34.0	79.0	37.7	88.0	32.8	76.0	19661.0	22550.0	24955.0	27831.0	4612.0	4551.0	240.0	11.2	0.344	0.313	33.6	172.0	17.1	88.0	9.4	48.0	12.6	65.0	21.6	111.0	2.8	15.0	1.7	9.0	9.6	49.0	3.8	19.0	9.4	48.0	2.5	13.0	14.7	75.0	503.0	5091.0	5594.0	35.89	32.02	1.2
Basilicata	2011		28.7	65.0	26.5	60.0	42.9	97.0	65.1	148.0	32.4	73.0	35.2	80.0	31.7	72.0	19809.0	22699.0	25549.0	28829.0	4483.0	4301.0	224.0	10.8	0.349	0.31	27.4	139.0	21.2	108.0	7.1	36.0	8.0	41.0	29.3	148.0	3.2	16.0	1.3	7.0	8.1	41.0	2.5	13.0	8.6	44.0	1.8	9.0	13.4	68.0	527.0	5808.0	6335.0	35.92	32.01	1.19
Basilicata	2012		30.3	69.0	25.9	59.0	39.9	90.0	62.6	142.0	32.9	74.0	37.4	85.0	31.8	72.0	19377.0	22820.0	23804.0	27263.0	4480.0	4328.0	235.0	11.0	0.342	0.305	33.8	171.0	15.3	78.0	6.9	35.0	7.4	37.0	29.0	147.0	4.2	21.0	1.6	8.0	7.3	37.0	2.6	13.0	6.6	33.0	1.6	8.0	11.4	58.0	622.0	6646.0	7268.0	35.97	32.11	1.2
Basilicata	2013		30.0	69.0	25.9	59.0	42.9	98.0	69.4	159.0	33.3	76.0	36.6	84.0	35.6	82.0	19967.0	23095.0	23598.0	27200.0	4101.0	4061.0	209.0	10.5	0.301	0.265	28.1	143.0	22.4	114.0	7.6	39.0	5.8	29.0	31.2	158.0	3.7	19.0	1.2	6.0	9.5	48.0	3.7	19.0	8.0	41.0	1.8	9.0	10.6	54.0	738.0	5547.0	6285.0	36.06	32.28	1.12
Basilicata	2014		29.1	69.0	28.4	67.0	47.2	111.0	72.1	170.0	39.7	94.0	37.9	89.0	34.9	82.0	20669.0	24568.0	23807.0	27774.0	4123.0	4094.0	237.0	12.1	0.304	0.271	25.8	131.0	19.4	99.0	11.7	60.0	8.3	42.0	26.3	133.0	5.1	26.0	1.2	6.0	8.6	43.0	2.6	13.0	8.3	42.0	1.2	6.0	11.6	59.0	644.0	5388.0	6032.0	36.17	32.3	1.15
Basilicata	2015		26.4	62.0	25.7	61.0	39.2	93.0	67.2	159.0	37.2	88.0	34.1	81.0	30.6	72.0	20531.0	24072.0	25432.0	29076.0	4122.0	4088.0	242.0	12.2	0.32	0.284	32.0	162.0	18.0	91.0	11.8	60.0	9.9	50.0	22.6	115.0	3.2	16.0	1.1	6.0	8.0	41.0	2.8	14.0	9.6	48.0	1.2	6.0	11.7	59.0	517.0	5096.0	5613.0	35.95	32.23	1.17
Bolzano / Bozen	2005		25.6	47.0	16.9	31.0	33.6	62.0	42.5	78.0	24.4	45.0	27.9	51.0	25.0	46.0	27513.0	34471.0	32286.0	39199.0	5525.0	5529.0	350.0	13.0	0.27699999999999997	0.25	14.9	59.0	21.0	83.0	10.8	43.0	9.1	36.0	35.7	141.0	6.3	25.0	1.1	4.0	21.2	84.0	20.2	80.0	31.4	124.0	3.4	14.0	41.0	162.0	1867.0	9022.0	10889.0	35.16	30.91	1.6
Bolzano / Bozen	2006		21.0	39.0	12.3	23.0	26.6	50.0	36.0	68.0	21.3	40.0	20.9	39.0	17.2	32.0	30249.0	35170.0	36418.0	41912.0	5409.0	5406.0	354.0	13.2	0.28800000000000003	0.252	14.1	57.0	24.1	97.0	10.6	42.0	10.5	42.0	32.4	130.0	6.6	26.0	1.6	7.0	20.8	83.0	18.6	75.0	27.9	112.0	3.2	13.0	32.7	131.0	2119.0	9085.0	11204.0	35.21	31.04	1.58
Bolzano / Bozen	2007		21.7	41.0	15.1	28.0	24.3	45.0	35.1	66.0	22.1	41.0	23.6	44.0	20.9	39.0	30609.0	36102.0	35676.0	41584.0	5502.0	5505.0	393.0	13.0	0.3	0.267	16.6	67.0	19.6	79.0	8.6	35.0	9.6	39.0	35.2	143.0	6.8	27.0	0.8	3.0	17.3	70.0	17.5	71.0	24.5	99.0	2.5	10.0	33.8	137.0	2042.0	8985.0	11027.0	35.03	31.01	1.62
Bolzano / Bozen	2008		22.3	43.0	16.3	31.0	27.5	53.0	36.1	70.0	22.9	44.0	25.5	49.0	24.2	47.0	29548.0	35387.0	36315.0	42108.0	5462.0	5461.0	414.0	13.9	0.295	0.259	17.2	71.0	25.0	103.0	9.4	38.0	8.9	37.0	31.5	130.0	5.7	23.0	1.3	5.0	19.1	79.0	19.8	81.0	27.5	113.0	1.7	7.0	32.9	135.0	2130.0	9161.0	11291.0	35.03	31.1	1.62
Bolzano / Bozen	2009		15.6	31.0	12.7	25.0	23.5	47.0	27.7	55.0	21.0	42.0	25.1	50.0	20.4	41.0	31929.0	37356.0	36400.0	42876.0	5232.0	5231.0	403.0	13.3	0.284	0.25	13.6	57.0	21.1	88.0	9.9	41.0	7.1	30.0	34.9	145.0	7.4	31.0	0.8	3.0	17.7	73.0	14.6	61.0	24.2	101.0	2.2	9.0	31.6	131.0	2204.0	9222.0	11426.0	35.0	31.22	1.57
Bolzano / Bozen	2010		21.0	42.0	16.7	34.0	28.6	58.0	32.1	65.0	21.6	44.0	27.5	56.0	25.9	52.0	32865.0	38120.0	37276.0	42984.0	5381.0	5383.0	361.0	11.9	0.28800000000000003	0.258	20.8	87.0	21.5	91.0	11.9	50.0	6.9	29.0	29.0	122.0	7.1	30.0	0.8	4.0	20.7	87.0	16.1	68.0	25.2	106.0	2.4	10.0	32.5	137.0	2301.0	9102.0	11403.0	35.09	31.29	1.63
Bolzano / Bozen	2011		17.3	35.0	12.7	26.0	15.7	32.0	26.6	54.0	18.0	36.0	20.7	42.0	20.8	42.0	33700.0	39559.0	37811.0	44361.0	5270.0	5272.0	393.0	12.7	0.256	0.228	14.7	62.0	23.9	101.0	10.0	42.0	6.5	27.0	32.0	135.0	9.0	38.0	1.1	5.0	22.4	94.0	17.6	74.0	26.0	109.0	3.3	14.0	34.0	143.0	2549.0	9682.0	12231.0	35.14	31.34	1.62
Bolzano / Bozen	2012		17.0	35.0	16.2	33.0	19.7	41.0	29.4	60.0	21.3	44.0	19.3	40.0	17.2	35.0	31594.0	38867.0	36996.0	43366.0	5414.0	5414.0	357.0	11.3	0.278	0.23800000000000002	15.3	65.0	24.5	104.0	11.8	50.0	6.0	25.0	33.6	143.0	7.4	31.0	1.1	5.0	20.7	88.0	18.0	77.0	27.8	118.0	2.0	8.0	33.2	141.0	2817.0	10783.0	13600.0	35.23	31.49	1.67
Bolzano / Bozen	2013		14.5	30.0	10.8	22.0	21.0	43.0	31.7	65.0	15.8	32.0	21.8	45.0	18.2	37.0	34630.0	41495.0	39107.0	46221.0	5281.0	5281.0	356.0	11.5	0.281	0.24100000000000002	11.3	48.0	23.1	99.0	8.4	36.0	8.1	35.0	37.0	159.0	8.2	35.0	0.7	3.0	18.6	80.0	15.4	66.0	23.5	101.0	3.2	14.0	27.3	117.0	2629.0	9510.0	12139.0	35.23	31.58	1.65
Bolzano / Bozen	2014		14.1	29.0	14.5	30.0	19.9	41.0	32.8	68.0	15.5	32.0	19.9	41.0	17.2	36.0	33209.0	39419.0	37424.0	44140.0	5517.0	5517.0	345.0	10.6	0.29	0.257	15.8	68.0	27.2	118.0	8.8	38.0	6.2	27.0	32.3	140.0	7.1	31.0	1.0	4.0	22.8	99.0	18.3	79.0	25.6	111.0	2.2	10.0	33.1	143.0	2529.0	9550.0	12079.0	35.2	31.56	1.74
Bolzano / Bozen	2015		15.9	34.0	12.9	28.0	22.9	49.0	27.1	59.0	17.3	37.0	21.0	45.0	17.3	37.0	33479.0	37637.0	39923.0	45187.0	5337.0	5337.0	356.0	11.4	0.284	0.261	13.2	57.0	27.5	120.0	12.2	53.0	7.7	34.0	30.1	131.0	7.0	31.0	0.9	4.0	21.5	94.0	18.4	80.0	28.0	122.0	2.4	11.0	36.4	159.0	2418.0	10622.0	13040.0	35.07	31.64	1.7
Calabria	2005		34.9	258.0	31.2	230.0	47.8	353.0	64.8	479.0	44.9	332.0	41.3	305.0	36.5	270.0	17896.0	20760.0	22644.0	25709.0	18228.0	18094.0	256.0	14.5	0.337	0.313	29.7	508.0	16.0	275.0	10.0	172.0	12.5	214.0	26.2	448.0	3.1	52.0	1.4	24.0	5.6	96.0	2.7	46.0	6.7	115.0	2.0	35.0	11.5	198.0	1277.0	25068.0	26345.0	34.88	30.61	1.26
Calabria	2006		32.6	240.0	29.6	218.0	44.6	329.0	64.1	473.0	39.0	288.0	39.0	288.0	34.8	257.0	19036.0	21225.0	22666.0	25272.0	18328.0	18190.0	228.0	12.1	0.305	0.27699999999999997	42.2	723.0	15.7	270.0	9.3	159.0	6.4	109.0	21.1	361.0	2.8	48.0	1.3	22.0	5.2	89.0	1.7	29.0	6.3	109.0	1.4	23.0	9.6	165.0	1408.0	26297.0	27705.0	34.93	30.7	1.3
Calabria	2007		37.7	280.0	29.6	220.0	46.4	344.0	67.9	504.0	45.4	337.0	42.6	316.0	39.6	294.0	19111.0	22121.0	23210.0	26287.0	18107.0	18027.0	223.0	11.8	0.313	0.282	31.4	538.0	20.5	352.0	7.7	131.0	7.7	132.0	26.3	450.0	3.4	58.0	0.9	15.0	5.4	93.0	2.1	36.0	6.7	114.0	1.3	23.0	9.1	156.0	1471.0	27111.0	28582.0	34.97	30.8	1.3
Calabria	2008		35.8	272.0	32.0	244.0	53.1	404.0	72.8	555.0	43.6	332.0	41.6	317.0	38.1	290.0	19543.0	22146.0	23963.0	26727.0	17995.0	17721.0	239.0	12.4	0.318	0.294	34.1	588.0	19.3	333.0	7.9	136.0	6.9	119.0	27.5	474.0	2.5	43.0	1.3	23.0	5.6	96.0	2.5	42.0	6.0	103.0	1.0	18.0	9.5	164.0	1683.0	27098.0	28781.0	35.03	30.86	1.3
Calabria	2009		30.7	231.0	26.2	197.0	48.9	368.0	69.9	526.0	44.3	333.0	38.4	289.0	34.9	263.0	20435.0	23115.0	25233.0	28192.0	18013.0	17852.0	226.0	11.3	0.33	0.303	35.5	614.0	17.6	305.0	8.4	145.0	7.0	121.0	26.0	451.0	3.1	54.0	1.2	20.0	6.2	107.0	2.8	48.0	7.3	126.0	1.6	28.0	10.1	174.0	2213.0	28538.0	30751.0	35.13	31.03	1.32
Calabria	2010		31.3	240.0	30.2	232.0	47.9	368.0	69.5	533.0	39.5	303.0	40.6	311.0	38.1	292.0	19795.0	23347.0	23980.0	27270.0	17801.0	17677.0	224.0	10.6	0.335	0.308	33.3	577.0	19.3	335.0	8.1	141.0	7.2	125.0	26.5	460.0	3.2	55.0	1.6	28.0	7.4	128.0	2.5	44.0	8.0	139.0	1.6	28.0	12.3	213.0	2472.0	26798.0	29270.0	35.14	31.08	1.32
Calabria	2011		33.9	259.0	30.5	233.0	49.2	376.0	71.2	544.0	42.2	322.0	44.1	337.0	38.1	291.0	20415.0	23918.0	24160.0	27562.0	17219.0	17131.0	226.0	11.3	0.336	0.306	32.4	553.0	18.1	309.0	10.1	173.0	6.8	115.0	28.3	482.0	3.0	51.0	1.1	19.0	6.2	105.0	1.7	29.0	6.2	106.0	1.2	21.0	9.1	155.0	2360.0	26458.0	28818.0	35.22	31.21	1.3
Calabria	2012		30.5	233.0	27.9	214.0	44.2	338.0	67.0	513.0	41.3	316.0	40.3	309.0	35.7	273.0	19580.0	22780.0	25075.0	28404.0	17030.0	16984.0	213.0	10.6	0.349	0.317	35.0	598.0	19.5	333.0	8.9	152.0	7.4	127.0	24.1	411.0	3.5	59.0	0.8	14.0	6.1	104.0	2.1	35.0	6.9	118.0	1.4	23.0	8.2	140.0	3110.0	30938.0	34048.0	35.32	31.27	1.29
Calabria	2013		30.8	241.0	29.3	229.0	44.5	348.0	67.6	529.0	40.8	319.0	38.6	302.0	33.0	258.0	20000.0	22981.0	23479.0	26702.0	16696.0	16530.0	196.0	9.4	0.32799999999999996	0.302	30.5	522.0	20.0	341.0	9.7	166.0	7.4	126.0	26.9	461.0	4.0	69.0	0.9	16.0	5.0	86.0	1.7	29.0	4.8	83.0	0.7	12.0	6.0	102.0	2844.0	26665.0	29509.0	35.3	31.35	1.28
Calabria	2014		36.1	286.0	31.8	252.0	44.6	354.0	65.1	516.0	40.6	322.0	42.2	334.0	37.8	300.0	19565.0	23171.0	22856.0	26251.0	16490.0	16467.0	207.0	10.6	0.314	0.28600000000000003	29.3	504.0	19.5	335.0	8.7	150.0	6.7	116.0	28.2	484.0	4.6	79.0	0.8	14.0	7.5	128.0	2.4	41.0	6.2	107.0	1.9	33.0	7.8	133.0	2993.0	26299.0	29292.0	35.35	31.44	1.27
Calabria	2015		30.6	244.0	31.7	253.0	47.3	378.0	67.4	537.0	40.2	321.0	41.6	331.0	36.1	288.0	19590.0	23600.0	24289.0	27826.0	16376.0	16335.0	228.0	12.0	0.375	0.336	28.0	481.0	23.7	407.0	6.7	115.0	10.1	173.0	26.7	460.0	3.2	54.0	1.2	21.0	7.6	131.0	3.2	55.0	7.5	129.0	1.4	23.0	7.7	132.0	2710.0	24318.0	27028.0	35.4	31.44	1.29
Campania	2005		28.2	543.0	22.0	424.0	48.2	926.0	62.2	1197.0	40.8	784.0	40.6	782.0	38.3	737.0	19247.0	23292.0	23855.0	27839.0	62599.0	62059.0	272.0	13.5	0.345	0.327	33.8	1628.0	18.8	907.0	9.9	479.0	9.2	443.0	22.8	1096.0	4.0	192.0	1.0	50.0	5.2	252.0	1.5	72.0	4.8	233.0	1.8	86.0	9.1	437.0	4223.0	108397.0	112620.0	33.74	30.15	1.45
Campania	2006		27.7	545.0	21.0	412.0	52.8	1038.0	65.4	1287.0	35.0	688.0	43.7	860.0	39.2	771.0	20179.0	24139.0	24745.0	28480.0	62279.0	61864.0	267.0	13.4	0.341	0.309	36.9	1786.0	18.4	891.0	8.8	427.0	8.1	393.0	22.5	1087.0	3.4	164.0	1.3	61.0	4.4	213.0	1.4	68.0	5.2	251.0	1.6	75.0	8.3	401.0	5245.0	108353.0	113598.0	33.89	30.28	1.47
Campania	2007		31.1	612.0	25.0	492.0	52.6	1036.0	63.5	1250.0	41.2	811.0	46.1	908.0	40.5	797.0	20102.0	24450.0	24794.0	28959.0	61800.0	61478.0	274.0	13.3	0.34700000000000003	0.316	34.9	1692.0	18.1	876.0	7.6	371.0	6.1	294.0	28.0	1357.0	3.5	169.0	1.0	51.0	5.2	253.0	2.0	98.0	5.1	247.0	1.4	67.0	8.6	416.0	4798.0	114044.0	118842.0	33.96	30.38	1.48
Campania	2008		29.6	599.0	23.5	475.0	54.9	1110.0	65.4	1322.0	40.1	809.0	47.3	956.0	41.6	840.0	20460.0	24421.0	25043.0	28799.0	60742.0	60635.0	287.0	13.9	0.344	0.313	35.3	1724.0	18.7	915.0	8.9	433.0	5.8	284.0	24.7	1207.0	3.7	182.0	1.2	59.0	4.9	241.0	1.8	88.0	4.3	210.0	1.6	79.0	6.6	323.0	5200.0	113991.0	119191.0	34.0	30.47	1.47
Campania	2009		29.6	598.0	26.1	527.0	56.7	1145.0	69.9	1413.0	40.1	810.0	47.6	963.0	45.3	915.0	21114.0	24917.0	25267.0	28983.0	59646.0	59292.0	270.0	12.9	0.332	0.307	31.8	1555.0	19.8	968.0	8.7	426.0	4.8	234.0	28.3	1382.0	4.6	223.0	0.9	43.0	5.1	248.0	1.8	90.0	5.3	261.0	1.6	81.0	8.1	398.0	6568.0	111088.0	117656.0	34.15	30.61	1.47
Campania	2010		30.1	622.0	24.0	497.0	52.2	1081.0	70.3	1454.0	39.3	812.0	44.6	922.0	40.6	840.0	20396.0	24280.0	24578.0	28549.0	58212.0	57252.0	276.0	13.1	0.342	0.307	33.8	1660.0	21.6	1060.0	10.2	502.0	7.4	362.0	21.6	1060.0	4.5	220.0	0.9	43.0	5.2	254.0	2.0	96.0	5.7	280.0	1.4	67.0	7.5	367.0	6502.0	110684.0	117186.0	34.17	30.71	1.45
Campania	2011		31.5	656.0	26.4	551.0	53.6	1116.0	72.6	1512.0	38.7	806.0	47.4	988.0	43.3	901.0	20206.0	24007.0	25381.0	29397.0	56520.0	55674.0	298.0	14.6	0.35200000000000004	0.318	31.8	1565.0	23.0	1134.0	8.4	412.0	6.5	320.0	25.7	1265.0	3.6	179.0	0.9	44.0	5.6	275.0	2.3	112.0	5.6	276.0	1.5	74.0	6.8	333.0	6665.0	110962.0	117627.0	34.25	30.79	1.43
Campania	2012		24.6	515.0	20.0	418.0	46.7	978.0	66.4	1389.0	34.0	712.0	42.4	888.0	35.7	748.0	19323.0	22560.0	24252.0	27911.0	54839.0	53229.0	292.0	13.8	0.396	0.35600000000000004	31.4	1552.0	24.5	1211.0	9.5	472.0	7.3	362.0	22.8	1125.0	3.6	177.0	0.7	33.0	5.6	278.0	2.6	127.0	5.6	279.0	1.5	76.0	6.0	296.0	9320.0	126220.0	135540.0	34.32	30.85	1.39
Campania	2013		27.7	580.0	22.2	466.0	45.1	945.0	66.9	1401.0	34.5	722.0	41.8	875.0	38.3	801.0	19425.0	22859.0	23497.0	27007.0	52785.0	51940.0	279.0	13.8	0.34700000000000003	0.316	34.4	1714.0	22.9	1140.0	9.0	447.0	5.9	293.0	23.3	1161.0	3.7	183.0	0.8	40.0	5.1	254.0	1.4	71.0	4.0	200.0	0.9	43.0	5.0	248.0	9183.0	113294.0	122477.0	34.34	30.94	1.35
Campania	2014		28.4	623.0	26.0	569.0	51.7	1133.0	74.2	1624.0	41.1	899.0	47.0	1029.0	41.9	917.0	20429.0	24065.0	24252.0	27765.0	51243.0	51055.0	282.0	14.4	0.327	0.306	32.0	1602.0	23.8	1191.0	10.5	527.0	7.9	393.0	21.5	1074.0	3.1	158.0	0.8	40.0	5.0	252.0	1.9	95.0	5.1	257.0	1.2	58.0	5.7	286.0	10020.0	105219.0	115239.0	34.47	31.03	1.32
Campania	2015		30.3	644.0	25.5	542.0	49.0	1043.0	71.6	1524.0	37.7	801.0	44.5	948.0	41.7	887.0	20170.0	23708.0	24229.0	27677.0	51005.0	50907.0	276.0	13.6	0.35700000000000004	0.33299999999999996	34.8	1743.0	23.1	1156.0	9.4	470.0	7.3	368.0	21.7	1086.0	2.9	145.0	1.1	55.0	6.5	324.0	2.1	106.0	5.3	263.0	1.5	76.0	6.1	304.0	8765.0	101137.0	109902.0	34.56	31.17	1.34
Centro	2005	11132123.0																																																						
Centro	2006	11187269.0																																																						
Centro	2007	11238482.0																																																						
Centro	2008	11364120.0																																																						
Centro	2009	11472911.0																																																						
Centro	2010	11520777.0																																																						
Centro	2011	11576480.0																																																						
Centro	2012	11591705.0																																																						
Centro	2013	11681498.0																																																						
Centro	2014	12070842.0																																																						
Centro	2015	12090637.0																																																						
Emilia-Romagna	2005		20.0	348.0	20.4	355.0	31.2	543.0	52.7	917.0	28.9	502.0	33.6	585.0	25.1	437.0	25963.0	32850.0	32121.0	38915.0	38653.0	37683.0	352.0	13.5	0.315	0.281	19.0	692.0	18.8	684.0	8.3	302.0	5.3	193.0	43.5	1582.0	4.1	150.0	1.5	55.0	10.3	376.0	3.6	131.0	10.0	362.0	2.8	103.0	26.2	952.0	24327.0	99260.0	123587.0	34.7	30.73	1.36
Emilia-Romagna	2006		22.2	385.0	23.2	402.0	36.2	628.0	52.1	904.0	32.8	569.0	33.9	587.0	26.9	467.0	27772.0	33441.0	33317.0	39426.0	39595.0	39126.0	366.0	13.7	0.307	0.263	19.7	723.0	20.1	735.0	6.6	243.0	4.3	159.0	43.0	1577.0	4.5	165.0	1.7	63.0	10.2	374.0	3.8	138.0	9.9	361.0	2.0	75.0	25.1	919.0	24947.0	104566.0	129513.0	34.85	30.8	1.41
Emilia-Romagna	2007		17.8	325.0	18.7	343.0	34.1	625.0	49.8	913.0	28.1	515.0	32.1	588.0	22.5	413.0	27560.0	32842.0	33843.0	39966.0	40680.0	40294.0	397.0	14.3	0.314	0.273	16.8	619.0	21.2	784.0	5.1	190.0	4.4	162.0	47.5	1752.0	3.3	121.0	1.4	51.0	12.3	455.0	4.1	150.0	11.7	432.0	2.3	85.0	24.5	906.0	25315.0	101648.0	126963.0	34.87	30.86	1.46
Emilia-Romagna	2008		19.5	356.0	19.5	357.0	37.0	676.0	52.5	960.0	30.7	561.0	35.0	639.0	23.3	426.0	27777.0	33477.0	34381.0	40005.0	42065.0	41751.0	412.0	14.6	0.313	0.27699999999999997	15.5	577.0	20.6	768.0	6.0	225.0	4.5	168.0	48.7	1816.0	3.4	126.0	1.7	64.0	12.7	474.0	4.2	156.0	11.0	411.0	2.2	81.0	24.8	924.0	26841.0	102083.0	128924.0	34.87	30.87	1.51
Emilia-Romagna	2009		19.2	360.0	20.3	382.0	34.4	645.0	50.6	949.0	28.5	534.0	35.2	661.0	23.2	435.0	28076.0	34312.0	34845.0	41461.0	42271.0	42083.0	398.0	13.9	0.299	0.266	17.4	657.0	21.1	794.0	7.6	285.0	4.3	163.0	44.4	1675.0	3.9	148.0	1.3	48.0	12.5	472.0	3.5	132.0	10.4	392.0	3.3	125.0	23.1	870.0	24972.0	92459.0	117431.0	34.9	30.87	1.54
Emilia-Romagna	2010		18.1	341.0	19.5	368.0	34.0	643.0	49.0	926.0	26.4	499.0	32.8	620.0	23.1	436.0	27883.0	33778.0	34941.0	40816.0	41817.0	41306.0	382.0	13.2	0.297	0.267	16.5	629.0	20.8	789.0	6.6	252.0	4.2	159.0	46.4	1762.0	3.9	149.0	1.9	72.0	11.7	446.0	3.7	139.0	10.3	392.0	2.1	78.0	24.0	912.0	26116.0	93153.0	119269.0	35.03	31.01	1.54
Emilia-Romagna	2011		15.3	288.0	17.8	334.0	27.9	525.0	42.6	802.0	23.7	446.0	28.5	536.0	20.6	388.0	27490.0	33673.0	33568.0	39173.0	40448.0	39751.0	383.0	13.1	0.28800000000000003	0.258	15.9	602.0	20.2	768.0	7.7	292.0	3.5	134.0	47.0	1786.0	3.8	146.0	1.0	37.0	11.7	445.0	3.9	149.0	10.6	403.0	1.5	57.0	23.3	886.0	28323.0	94811.0	123134.0	35.11	31.19	1.5
Emilia-Romagna	2012		18.0	347.0	19.2	368.0	32.4	623.0	44.1	848.0	25.6	492.0	29.6	569.0	21.4	411.0	26607.0	33419.0	32971.0	39158.0	39337.0	38564.0	377.0	13.5	0.294	0.261	17.7	676.0	21.2	807.0	6.7	255.0	4.6	176.0	42.2	1612.0	5.1	196.0	1.5	56.0	11.0	419.0	3.7	142.0	9.4	357.0	1.8	70.0	19.1	728.0	31020.0	99192.0	130212.0	35.12	31.2	1.47
Emilia-Romagna	2013		15.7	293.0	18.5	346.0	31.2	583.0	45.8	857.0	22.6	424.0	31.0	580.0	19.8	371.0	27702.0	33531.0	34066.0	40137.0	38057.0	37683.0	385.0	14.0	0.297	0.263	16.9	649.0	20.5	785.0	7.0	269.0	3.8	147.0	46.2	1772.0	4.0	152.0	1.2	46.0	10.3	397.0	3.5	134.0	10.0	384.0	1.5	57.0	18.8	720.0	28208.0	88384.0	116592.0	35.22	31.32	1.45
Emilia-Romagna	2014		17.2	329.0	19.6	375.0	31.1	595.0	51.6	986.0	28.7	547.0	31.3	598.0	21.3	406.0	27911.0	34019.0	34076.0	40382.0	36668.0	36490.0	369.0	13.0	0.304	0.268	14.2	547.0	23.6	910.0	8.1	311.0	4.4	170.0	43.9	1694.0	4.5	174.0	1.0	39.0	11.6	447.0	4.6	177.0	10.1	390.0	1.9	73.0	19.3	745.0	26346.0	85783.0	112129.0	35.25	31.42	1.42
Emilia-Romagna	2015		18.2	357.0	22.7	445.0	33.8	662.0	55.3	1082.0	30.8	602.0	35.1	687.0	24.1	472.0	28867.0	33895.0	34700.0	39746.0	35813.0	35687.0	365.0	12.8	0.294	0.268	17.6	680.0	24.4	945.0	7.8	303.0	4.1	160.0	40.9	1580.0	4.2	161.0	1.4	55.0	12.0	464.0	3.7	144.0	8.9	342.0	1.3	49.0	19.2	744.0	22160.0	88932.0	111092.0	35.32	31.56	1.42
Friuli-Venezia Giulia	2005		21.7	111.0	21.0	107.0	35.8	183.0	48.2	247.0	27.4	140.0	32.9	168.0	21.0	107.0	23777.0	29560.0	28166.0	33805.0	10083.0	9990.0	311.0	13.1	0.281	0.253	15.2	161.0	20.8	220.0	6.7	71.0	6.4	67.0	43.3	458.0	4.0	42.0	1.1	11.0	11.3	120.0	4.4	47.0	13.6	143.0	1.8	19.0	21.6	228.0	5789.0	26535.0	32324.0	35.07	31.11	1.24
Friuli-Venezia Giulia	2006		17.6	92.0	18.5	96.0	30.0	156.0	40.8	212.0	22.0	115.0	28.7	149.0	19.3	101.0	25276.0	30001.0	29346.0	34267.0	10355.0	10291.0	318.0	13.5	0.28	0.244	18.8	199.0	20.0	212.0	6.5	69.0	4.6	49.0	40.4	428.0	4.5	48.0	1.4	14.0	12.7	134.0	4.0	43.0	10.4	110.0	1.5	16.0	20.8	221.0	5508.0	27021.0	32529.0	35.08	31.22	1.29
Friuli-Venezia Giulia	2007		19.4	100.0	19.2	99.0	34.4	177.0	52.6	271.0	23.0	119.0	32.4	167.0	19.8	102.0	25890.0	30959.0	29965.0	34699.0	10557.0	10523.0	316.0	12.9	0.27399999999999997	0.244	19.4	206.0	21.5	228.0	6.9	74.0	3.8	40.0	40.9	433.0	3.8	40.0	1.7	18.0	10.5	111.0	5.7	61.0	13.6	144.0	1.8	19.0	21.2	225.0	6698.0	28326.0	35024.0	35.14	31.24	1.34
Friuli-Venezia Giulia	2008		19.6	102.0	20.9	109.0	32.3	169.0	48.7	254.0	25.5	133.0	33.8	176.0	20.9	109.0	26337.0	31125.0	30512.0	35177.0	10501.0	10403.0	332.0	13.3	0.27899999999999997	0.245	15.3	164.0	20.2	215.0	5.4	58.0	3.4	36.0	50.4	538.0	3.3	36.0	1.8	20.0	13.2	141.0	4.9	53.0	13.7	146.0	1.7	19.0	22.2	236.0	6440.0	26536.0	32976.0	35.09	31.18	1.36
Friuli-Venezia Giulia	2009		17.6	93.0	19.1	101.0	29.3	154.0	47.3	250.0	23.2	123.0	25.6	135.0	19.3	102.0	25814.0	30895.0	31033.0	35927.0	10468.0	10254.0	326.0	12.8	0.284	0.252	14.9	160.0	22.6	242.0	5.9	64.0	5.0	53.0	44.9	482.0	4.4	47.0	1.1	12.0	10.9	117.0	4.7	50.0	13.4	143.0	2.2	23.0	20.3	218.0	5707.0	25705.0	31412.0	35.2	31.26	1.38
Friuli-Venezia Giulia	2010		17.1	92.0	19.6	106.0	26.4	143.0	41.1	222.0	21.6	116.0	27.2	147.0	17.8	96.0	25648.0	31466.0	31210.0	36853.0	10337.0	10087.0	311.0	12.0	0.285	0.249	17.9	192.0	21.2	227.0	9.6	103.0	5.7	61.0	40.4	434.0	3.4	37.0	1.0	11.0	13.8	148.0	5.1	55.0	13.9	149.0	1.6	17.0	24.7	265.0	6245.0	26429.0	32674.0	35.18	31.42	1.4
Friuli-Venezia Giulia	2011		20.9	113.0	25.9	140.0	28.4	153.0	51.3	277.0	31.8	171.0	31.3	169.0	22.3	120.0	26252.0	31319.0	31794.0	36853.0	9941.0	9622.0	322.0	12.4	0.3	0.264	16.0	171.0	19.2	205.0	6.4	69.0	3.1	33.0	48.7	521.0	4.2	44.0	1.1	12.0	13.5	145.0	6.0	64.0	16.1	172.0	3.0	32.0	24.1	258.0	6200.0	25761.0	31961.0	35.19	31.46	1.38
Friuli-Venezia Giulia	2012		17.5	98.0	20.4	114.0	23.6	131.0	38.1	212.0	24.1	134.0	28.0	156.0	19.6	109.0	25820.0	31231.0	30518.0	35832.0	9824.0	9579.0	325.0	12.3	0.276	0.24	18.8	201.0	21.9	234.0	7.1	76.0	4.3	46.0	40.9	437.0	4.7	51.0	1.0	11.0	12.3	132.0	5.2	56.0	14.4	154.0	2.2	23.0	20.3	217.0	6759.0	27990.0	34749.0	35.22	31.42	1.39
Friuli-Venezia Giulia	2013		17.6	94.0	19.4	103.0	28.5	152.0	43.3	231.0	24.2	129.0	28.0	149.0	18.4	98.0	25834.0	30921.0	30730.0	36405.0	9408.0	9184.0	319.0	12.5	0.262	0.22899999999999998	15.2	163.0	23.8	255.0	6.4	69.0	3.6	39.0	46.1	494.0	3.6	38.0	1.0	11.0	12.4	133.0	4.7	51.0	12.5	134.0	1.4	15.0	17.0	182.0	6120.0	24867.0	30987.0	35.25	31.61	1.37
Friuli-Venezia Giulia	2014		15.1	82.0	24.4	133.0	28.0	153.0	41.6	226.0	23.5	128.0	26.0	142.0	18.8	103.0	26969.0	32225.0	31760.0	37136.0	9177.0	9143.0	321.0	12.5	0.27399999999999997	0.239	16.4	176.0	21.9	235.0	7.2	77.0	5.1	54.0	42.6	457.0	4.4	47.0	1.6	17.0	13.0	139.0	4.3	46.0	13.1	140.0	1.7	18.0	18.3	197.0	6059.0	23811.0	29870.0	35.15	31.58	1.38
Friuli-Venezia Giulia	2015		18.3	99.0	22.7	124.0	30.1	164.0	45.2	246.0	25.6	139.0	29.3	159.0	21.3	116.0	26358.0	31801.0	32217.0	37291.0	8575.0	8570.0	309.0	11.7	0.278	0.245	18.2	195.0	23.3	250.0	6.5	70.0	6.2	66.0	40.2	431.0	3.7	39.0	1.0	11.0	14.1	152.0	6.2	67.0	14.1	151.0	1.9	20.0	21.4	229.0	5019.0	24609.0	29628.0	35.3	31.78	1.32
Isole	2005	6601313.0																																																						
Isole	2006	6603181.0																																																						
Isole	2007	6603629.0																																																						
Isole	2008	6621292.0																																																						
Isole	2009	6633171.0																																																						
Isole	2010	6638776.0																																																						
Isole	2011	6647338.0																																																						
Isole	2012	6637700.0																																																						
Isole	2013	6640311.0																																																						
Isole	2014	6758796.0																																																						
Isole	2015	6755366.0																																																						
Lazio	2005		22.7	480.0	19.0	402.0	35.0	740.0	53.5	1132.0	25.7	543.0	45.1	952.0	29.6	625.0	24359.0	31739.0	30109.0	37516.0	50833.0	48503.0	326.0	13.0	0.337	0.307	20.9	948.0	19.6	890.0	9.7	438.0	6.3	286.0	36.3	1647.0	3.0	135.0	1.7	77.0	6.7	304.0	2.6	117.0	8.5	388.0	1.8	79.0	14.6	664.0	7325.0	102870.0	110195.0	35.22	31.67	1.28
Lazio	2006		22.4	484.0	22.4	483.0	37.3	804.0	53.1	1146.0	28.8	621.0	44.1	951.0	29.1	629.0	25718.0	30981.0	31905.0	37040.0	52913.0	51102.0	327.0	13.1	0.342	0.3	22.0	1008.0	20.2	924.0	8.9	407.0	6.0	276.0	34.9	1598.0	3.5	162.0	1.6	74.0	6.6	301.0	1.8	84.0	7.2	328.0	1.6	75.0	13.7	629.0	9590.0	94480.0	104070.0	35.3	31.76	1.35
Lazio	2007		21.7	470.0	21.7	468.0	37.5	811.0	51.4	1112.0	27.7	599.0	42.4	917.0	29.4	635.0	26710.0	32831.0	31997.0	38241.0	52445.0	50816.0	331.0	12.4	0.32299999999999995	0.28300000000000003	18.9	895.0	19.9	944.0	10.5	497.0	5.2	246.0	39.0	1847.0	2.7	128.0	1.8	86.0	5.5	261.0	2.2	105.0	7.1	334.0	1.8	84.0	12.0	568.0	8929.0	90697.0	99626.0	35.35	31.78	1.36
Lazio	2008		22.0	515.0	19.1	448.0	35.6	832.0	53.2	1244.0	26.2	612.0	40.2	939.0	28.3	661.0	25986.0	31867.0	31769.0	37973.0	56755.0	55411.0	362.0	13.6	0.335	0.29100000000000004	19.0	911.0	19.1	917.0	11.0	528.0	5.6	270.0	37.1	1781.0	3.5	168.0	1.2	56.0	7.0	336.0	1.9	89.0	8.7	417.0	1.9	91.0	13.3	637.0	13657.0	109320.0	122977.0	35.44	31.84	1.48
Lazio	2009		21.9	515.0	20.2	474.0	31.7	745.0	52.8	1238.0	24.1	565.0	43.5	1021.0	27.2	639.0	27075.0	33297.0	33401.0	39822.0	54701.0	53331.0	346.0	13.1	0.335	0.294	18.7	908.0	20.0	969.0	9.2	445.0	5.8	282.0	38.3	1856.0	3.5	170.0	1.3	63.0	6.6	320.0	2.6	127.0	8.2	399.0	1.4	69.0	13.9	674.0	15275.0	89523.0	104798.0	35.47	31.9	1.44
Lazio	2010		21.3	507.0	20.4	487.0	37.7	899.0	52.7	1258.0	23.3	557.0	45.8	1092.0	29.8	710.0	25883.0	32906.0	31994.0	39483.0	54277.0	51675.0	351.0	12.6	0.345	0.297	20.0	977.0	20.4	999.0	11.7	572.0	4.9	239.0	35.9	1756.0	4.3	208.0	1.2	57.0	8.4	410.0	2.4	118.0	8.9	434.0	1.8	86.0	15.5	759.0	16025.0	92543.0	108568.0	35.49	31.91	1.46
Lazio	2011		22.9	543.0	20.2	480.0	36.5	867.0	54.9	1304.0	25.9	614.0	42.1	1000.0	28.8	683.0	25289.0	31753.0	31724.0	38528.0	54427.0	52089.0	346.0	13.0	0.355	0.311	18.4	887.0	21.0	1008.0	10.9	525.0	3.9	187.0	40.3	1941.0	3.9	190.0	1.2	58.0	6.2	296.0	2.4	117.0	7.9	381.0	1.6	76.0	13.6	656.0	16244.0	92354.0	108598.0	35.52	31.94	1.48
Lazio	2012		22.8	548.0	21.7	523.0	38.2	920.0	57.1	1372.0	25.6	615.0	40.1	965.0	28.3	681.0	23827.0	29929.0	30764.0	37411.0	53033.0	51610.0	333.0	12.6	0.35100000000000003	0.306	19.8	961.0	22.8	1107.0	10.6	516.0	5.8	280.0	34.2	1662.0	4.1	198.0	1.8	87.0	6.9	336.0	3.6	174.0	8.2	400.0	1.9	95.0	11.1	540.0	22971.0	122210.0	145181.0	35.48	31.97	1.46
Lazio	2013		21.1	520.0	22.1	546.0	33.6	830.0	53.1	1312.0	26.0	642.0	42.5	1049.0	26.7	658.0	24021.0	30253.0	30075.0	36651.0	52187.0	49846.0	354.0	13.8	0.353	0.305	18.8	937.0	23.9	1189.0	7.1	355.0	4.8	239.0	40.6	2023.0	3.3	167.0	1.9	92.0	7.7	382.0	2.7	137.0	8.4	416.0	2.0	98.0	9.6	480.0	19727.0	94571.0	114298.0	35.46	31.97	1.42
Lazio	2014		21.0	545.0	20.8	542.0	33.1	861.0	53.6	1393.0	24.2	630.0	38.2	993.0	27.5	716.0	23866.0	30609.0	28991.0	35683.0	50360.0	49070.0	334.0	13.3	0.337	0.294	20.8	1055.0	23.9	1212.0	5.9	300.0	4.3	220.0	40.0	2032.0	3.6	183.0	1.5	75.0	7.8	394.0	2.7	138.0	7.3	371.0	2.0	101.0	12.0	610.0	18750.0	92659.0	111409.0	35.55	32.02	1.35
Lazio	2015		21.8	569.0	25.2	659.0	36.0	941.0	52.9	1381.0	29.4	768.0	42.6	1114.0	29.2	763.0	23593.0	28501.0	29819.0	35001.0	48231.0	47198.0	326.0	13.5	0.359	0.319	20.9	1066.0	24.0	1225.0	7.8	397.0	4.6	236.0	35.9	1835.0	5.0	256.0	1.4	71.0	8.2	419.0	3.6	183.0	8.1	412.0	1.9	98.0	11.1	566.0	16977.0	88087.0	105064.0	35.57	32.1	1.32
Liguria	2005		24.9	184.0	24.7	183.0	40.3	297.0	53.1	392.0	32.1	237.0	39.4	291.0	26.7	197.0	21292.0	26565.0	25611.0	30817.0	11957.0	11963.0	309.0	14.4	0.306	0.27399999999999997	22.4	318.0	20.2	285.0	7.8	110.0	6.3	89.0	39.0	552.0	3.3	46.0	0.8	12.0	6.3	89.0	1.6	23.0	6.6	94.0	1.1	15.0	16.3	231.0	4032.0	31512.0	35544.0	35.18	31.39	1.19
Liguria	2006		23.5	173.0	25.1	185.0	36.7	270.0	54.1	398.0	31.7	233.0	35.3	259.0	28.3	208.0	22447.0	26659.0	26067.0	30958.0	12146.0	12142.0	328.0	15.4	0.299	0.264	21.9	313.0	22.3	319.0	6.8	97.0	4.8	69.0	39.1	560.0	3.7	52.0	1.0	14.0	7.4	106.0	1.8	26.0	7.0	100.0	1.4	21.0	16.7	239.0	4408.0	32413.0	36821.0	35.38	31.5	1.24
Liguria	2007		22.4	169.0	21.3	160.0	37.1	279.0	50.7	381.0	29.6	222.0	35.4	266.0	25.5	192.0	22442.0	27471.0	27335.0	32419.0	12156.0	12123.0	346.0	15.9	0.304	0.27	19.5	279.0	20.3	290.0	6.0	85.0	5.6	81.0	42.9	612.0	4.6	66.0	0.7	10.0	8.5	121.0	2.6	37.0	8.9	127.0	0.5	8.0	17.2	246.0	4410.0	32233.0	36643.0	35.26	31.46	1.28
Liguria	2008		23.2	172.0	22.0	164.0	37.7	281.0	55.9	416.0	29.4	219.0	35.6	265.0	28.6	213.0	24319.0	29378.0	29088.0	34581.0	12450.0	12425.0	363.0	16.0	0.306	0.27399999999999997	19.8	283.0	23.8	340.0	5.5	79.0	4.2	60.0	42.2	602.0	2.7	39.0	1.4	20.0	8.0	114.0	2.3	32.0	8.1	115.0	0.8	11.0	17.2	246.0	5533.0	32078.0	37611.0	35.24	31.35	1.35
Liguria	2009		26.0	199.0	23.8	182.0	40.5	310.0	60.7	464.0	30.9	236.0	39.7	304.0	30.5	233.0	24074.0	28803.0	28985.0	34485.0	12329.0	12283.0	353.0	14.6	0.294	0.261	17.2	246.0	25.2	360.0	6.0	86.0	4.2	60.0	42.1	602.0	3.8	54.0	1.3	19.0	7.6	109.0	3.1	45.0	8.5	121.0	1.9	28.0	17.5	250.0	5622.0	30340.0	35962.0	35.39	31.6	1.36
Liguria	2010		21.1	159.0	21.1	159.0	36.3	274.0	55.1	415.0	27.4	207.0	34.2	257.0	23.2	175.0	24736.0	31236.0	29637.0	35597.0	11983.0	11900.0	339.0	14.1	0.3	0.264	18.2	260.0	24.1	345.0	7.8	111.0	4.4	62.0	41.7	596.0	2.4	35.0	1.1	16.0	8.8	126.0	2.7	38.0	9.6	138.0	1.4	20.0	18.2	260.0	6604.0	32926.0	39530.0	35.19	31.56	1.37
Liguria	2011		25.2	189.0	23.8	178.0	40.3	302.0	55.1	413.0	31.1	234.0	38.7	290.0	27.8	209.0	24084.0	29958.0	29594.0	35431.0	11478.0	11128.0	339.0	13.7	0.332	0.299	16.1	227.0	23.6	332.0	6.3	88.0	4.5	64.0	45.6	643.0	3.0	43.0	1.7	24.0	8.9	126.0	2.6	37.0	7.0	99.0	1.5	22.0	16.8	236.0	6669.0	31118.0	37787.0	35.25	31.61	1.34
Liguria	2012		25.7	197.0	26.2	201.0	39.8	306.0	57.5	442.0	35.8	275.0	38.0	292.0	28.4	218.0	24572.0	29530.0	29545.0	35234.0	11583.0	11461.0	341.0	13.8	0.335	0.298	20.5	289.0	22.6	319.0	6.9	97.0	3.7	53.0	42.0	593.0	2.7	38.0	1.2	17.0	10.7	151.0	3.4	48.0	9.8	138.0	1.8	26.0	17.1	242.0	7662.0	35569.0	43231.0	35.3	31.5	1.38
Liguria	2013		22.3	171.0	23.7	182.0	32.0	246.0	51.9	398.0	30.0	231.0	33.0	254.0	25.2	193.0	23328.0	29203.0	28269.0	33916.0	10992.0	10672.0	350.0	14.2	0.32799999999999996	0.294	17.9	252.0	24.6	348.0	7.5	106.0	4.4	61.0	40.0	565.0	3.8	54.0	1.3	18.0	7.4	105.0	2.7	38.0	7.2	101.0	0.7	10.0	13.1	185.0	6881.0	31623.0	38504.0	35.27	31.65	1.34
Liguria	2014		22.3	171.0	22.9	176.0	35.7	275.0	57.1	440.0	31.3	241.0	36.2	278.0	27.1	209.0	24246.0	29903.0	28764.0	34519.0	10749.0	10684.0	358.0	15.2	0.315	0.284	20.3	286.0	25.6	361.0	6.6	93.0	4.8	68.0	38.2	538.0	3.6	51.0	0.5	7.0	9.4	133.0	3.5	50.0	7.0	99.0	1.6	23.0	15.1	212.0	6421.0	29498.0	35919.0	35.37	31.79	1.33
Liguria	2015		22.7	175.0	20.5	158.0	38.9	299.0	57.4	441.0	30.9	237.0	36.4	280.0	27.2	209.0	25200.0	30211.0	30273.0	35319.0	10155.0	10026.0	340.0	14.2	0.308	0.282	17.6	247.0	22.6	317.0	9.1	128.0	6.1	86.0	40.3	566.0	3.2	45.0	1.9	26.0	10.5	147.0	2.8	39.0	8.8	123.0	1.4	19.0	16.6	233.0	5355.0	30471.0	35826.0	35.45	31.83	1.3
Lombardia	2005		16.0	620.0	19.4	751.0	35.8	1388.0	47.6	1847.0	30.1	1168.0	31.5	1223.0	25.5	990.0	25811.0	32280.0	31709.0	38253.0	92480.0	89849.0	365.0	13.7	0.317	0.289	20.2	1645.0	19.9	1616.0	9.6	778.0	7.9	642.0	35.6	2890.0	4.3	348.0	1.2	99.0	11.5	933.0	4.3	348.0	9.5	771.0	2.5	203.0	25.0	2036.0	52913.0	226582.0	279495.0	34.98	31.14	1.37
Lombardia	2006		18.9	725.0	22.6	868.0	36.1	1387.0	46.0	1771.0	31.3	1202.0	28.5	1095.0	21.0	808.0	26616.0	31374.0	32997.0	37741.0	95156.0	93570.0	374.0	14.1	0.32299999999999995	0.28800000000000003	20.2	1658.0	23.3	1910.0	8.6	702.0	6.5	532.0	35.2	2889.0	4.4	359.0	0.9	70.0	12.9	1059.0	4.0	329.0	10.4	851.0	2.5	207.0	23.7	1947.0	63146.0	242951.0	306097.0	35.04	31.15	1.43
Lombardia	2007		19.0	743.0	23.8	932.0	36.7	1435.0	48.4	1896.0	32.9	1286.0	28.5	1114.0	24.0	941.0	27782.0	32886.0	33000.0	38468.0	96280.0	94580.0	393.0	14.3	0.306	0.273	17.1	1414.0	25.3	2084.0	6.7	550.0	4.1	339.0	40.3	3325.0	4.1	335.0	1.0	83.0	12.6	1037.0	3.5	286.0	9.5	787.0	1.6	133.0	21.4	1768.0	60537.0	239381.0	299918.0	35.02	31.17	1.47
Lombardia	2008		14.9	591.0	21.8	866.0	35.8	1425.0	49.0	1949.0	31.1	1237.0	26.3	1048.0	19.9	792.0	28023.0	32638.0	33602.0	38686.0	98672.0	96428.0	408.0	14.8	0.315	0.281	16.9	1410.0	23.0	1910.0	7.1	588.0	4.1	345.0	41.8	3481.0	4.3	358.0	1.5	124.0	10.6	885.0	3.6	301.0	9.1	753.0	1.6	129.0	20.1	1673.0	58254.0	231584.0	289838.0	34.99	31.16	1.54
Lombardia	2009		13.1	529.0	19.2	777.0	29.8	1205.0	40.4	1638.0	29.4	1192.0	21.5	870.0	17.8	719.0	28626.0	34244.0	34459.0	40202.0	98792.0	96169.0	404.0	14.4	0.32	0.28800000000000003	20.1	1683.0	23.5	1974.0	6.9	581.0	5.7	478.0	37.8	3174.0	3.8	323.0	1.1	96.0	12.1	1012.0	3.5	291.0	10.1	851.0	1.6	134.0	22.0	1847.0	53520.0	207165.0	260685.0	35.08	31.18	1.57
Lombardia	2010		12.6	513.0	19.3	788.0	32.8	1336.0	45.2	1840.0	26.9	1095.0	24.8	1012.0	18.9	771.0	28930.0	34332.0	34605.0	39962.0	97815.0	95296.0	387.0	13.5	0.31	0.28	17.2	1452.0	24.2	2046.0	9.0	760.0	6.9	580.0	35.8	3025.0	4.6	392.0	1.3	108.0	13.8	1165.0	4.6	391.0	11.3	952.0	2.0	165.0	23.3	1973.0	57773.0	220158.0	277931.0	35.15	31.33	1.57
Lombardia	2011		15.8	659.0	21.8	911.0	36.1	1507.0	47.9	2002.0	30.4	1269.0	26.2	1096.0	21.3	890.0	28635.0	34311.0	34528.0	40172.0	94079.0	90676.0	391.0	13.5	0.306	0.273	17.1	1431.0	22.9	1918.0	7.8	656.0	4.3	364.0	42.2	3535.0	4.1	347.0	0.9	77.0	13.5	1135.0	4.8	406.0	11.6	970.0	2.4	197.0	23.3	1951.0	61905.0	221745.0	283650.0	35.28	31.49	1.53
Lombardia	2012		11.6	489.0	18.2	769.0	32.1	1352.0	41.5	1749.0	26.1	1101.0	23.8	1002.0	16.5	698.0	27712.0	34009.0	34046.0	39937.0	91798.0	90148.0	368.0	12.8	0.309	0.27699999999999997	18.0	1522.0	23.6	1991.0	7.7	651.0	4.7	393.0	40.8	3449.0	4.8	407.0	1.3	114.0	13.5	1141.0	4.3	360.0	10.6	897.0	1.7	140.0	20.6	1736.0	72470.0	244145.0	316615.0	35.34	31.48	1.51
Lombardia	2013		10.3	432.0	15.9	665.0	26.0	1086.0	39.7	1660.0	22.4	934.0	21.1	883.0	14.6	611.0	28156.0	34369.0	34456.0	40802.0	88410.0	86275.0	388.0	13.7	0.308	0.275	17.8	1518.0	22.8	1938.0	8.0	681.0	4.8	407.0	39.9	3395.0	4.2	361.0	1.0	85.0	12.6	1074.0	3.4	292.0	9.0	768.0	1.7	142.0	17.3	1475.0	66265.0	219476.0	285741.0	35.33	31.6	1.48
Lombardia	2014		12.9	543.0	19.8	831.0	30.9	1299.0	44.1	1853.0	26.9	1133.0	26.1	1096.0	17.2	724.0	28799.0	35588.0	34831.0	41519.0	86239.0	84617.0	387.0	13.5	0.317	0.28	18.6	1600.0	24.2	2080.0	9.0	776.0	6.2	532.0	35.3	3030.0	4.5	388.0	1.2	104.0	13.7	1176.0	4.0	340.0	9.4	808.0	1.6	139.0	19.7	1689.0	62527.0	214613.0	277140.0	35.4	31.67	1.46
Lombardia	2015		12.5	525.0	19.3	811.0	30.8	1291.0	42.8	1794.0	24.3	1021.0	24.4	1025.0	18.1	758.0	27661.0	33035.0	34221.0	39449.0	84149.0	82693.0	383.0	13.2	0.324	0.293	18.8	1620.0	22.8	1970.0	8.9	768.0	5.3	458.0	38.5	3320.0	4.5	385.0	1.0	82.0	13.2	1141.0	3.4	297.0	10.2	881.0	2.1	178.0	19.6	1694.0	51398.0	223337.0	274735.0	35.55	31.81	1.44
Marche	2005		19.0	110.0	14.9	86.0	29.6	171.0	45.0	259.0	24.0	138.0	28.5	164.0	19.6	113.0	24913.0	29673.0	29633.0	35108.0	13305.0	13317.0	296.0	12.5	0.293	0.26	22.7	300.0	22.6	300.0	9.6	127.0	7.0	92.0	33.6	446.0	2.9	38.0	1.4	19.0	11.0	145.0	4.7	63.0	9.3	123.0	1.7	22.0	19.6	260.0	7638.0	27040.0	34678.0	34.9	31.02	1.28
Marche	2006		21.8	128.0	19.7	116.0	35.3	207.0	49.2	288.0	27.9	164.0	35.0	205.0	25.8	152.0	25274.0	30328.0	30276.0	35616.0	13597.0	13601.0	307.0	12.4	0.307	0.264	25.2	337.0	21.8	291.0	7.8	103.0	8.3	111.0	32.0	427.0	4.2	56.0	1.4	18.0	7.4	99.0	2.9	38.0	9.1	122.0	1.6	22.0	16.1	214.0	7270.0	27356.0	34626.0	35.09	31.13	1.33
Marche	2007		23.8	147.0	22.5	138.0	43.0	265.0	56.7	349.0	32.9	202.0	35.4	218.0	28.4	174.0	27543.0	32731.0	31439.0	37733.0	13902.0	13840.0	309.0	12.3	0.29100000000000004	0.252	26.0	349.0	20.4	273.0	7.0	94.0	5.6	74.0	35.4	475.0	4.6	62.0	1.5	20.0	7.8	104.0	3.3	44.0	8.2	110.0	1.8	24.0	18.5	248.0	7412.0	28258.0	35670.0	35.2	31.21	1.36
Marche	2008		26.5	164.0	23.4	145.0	39.0	241.0	56.5	350.0	32.6	202.0	39.3	243.0	28.4	176.0	27218.0	32106.0	32103.0	36991.0	14487.0	14381.0	333.0	12.7	0.298	0.265	20.8	281.0	21.3	288.0	7.1	96.0	5.6	75.0	40.2	544.0	3.0	41.0	1.6	21.0	7.4	100.0	2.9	39.0	8.6	116.0	0.9	13.0	15.8	214.0	8000.0	28185.0	36185.0	35.14	31.2	1.43
Marche	2009		23.3	142.0	20.9	127.0	35.7	217.0	51.8	315.0	28.1	171.0	37.0	225.0	25.2	154.0	26988.0	32040.0	31533.0	36892.0	14466.0	14343.0	316.0	11.8	0.285	0.256	23.0	314.0	23.5	320.0	8.1	110.0	5.7	78.0	33.5	458.0	4.3	59.0	1.6	21.0	10.4	142.0	4.0	54.0	9.2	126.0	1.9	26.0	19.2	263.0	7856.0	25547.0	33403.0	35.12	31.25	1.44
Marche	2010		21.0	131.0	19.3	121.0	33.6	210.0	42.7	267.0	26.7	167.0	32.2	201.0	21.9	137.0	26602.0	31637.0	32001.0	37573.0	14085.0	13918.0	295.0	11.2	0.289	0.255	23.9	328.0	23.6	324.0	6.0	82.0	6.3	87.0	33.9	465.0	4.0	54.0	1.1	15.0	9.3	127.0	4.1	56.0	9.7	133.0	1.5	20.0	17.8	244.0	7973.0	24758.0	32731.0	35.25	31.45	1.42
Marche	2011		20.0	124.0	19.1	118.0	32.1	198.0	54.8	339.0	25.8	160.0	28.8	178.0	21.3	132.0	26797.0	32150.0	31801.0	37109.0	13856.0	13542.0	313.0	11.8	0.293	0.259	20.7	280.0	21.3	288.0	7.2	97.0	4.5	61.0	39.8	537.0	4.3	57.0	1.7	23.0	10.2	138.0	5.5	75.0	10.4	140.0	2.4	32.0	20.5	276.0	8507.0	24475.0	32982.0	35.32	31.54	1.42
Marche	2012		21.7	138.0	19.4	124.0	34.7	221.0	52.6	335.0	24.6	156.0	32.3	206.0	24.3	155.0	26803.0	31568.0	31040.0	36320.0	13196.0	12708.0	308.0	11.6	0.287	0.251	21.6	292.0	23.0	311.0	8.3	112.0	2.9	39.0	37.9	512.0	4.0	54.0	0.7	9.0	9.2	124.0	2.9	39.0	7.6	102.0	1.2	16.0	15.4	208.0	9212.0	27211.0	36423.0	35.41	31.57	1.37
Marche	2013		21.5	130.0	22.7	137.0	34.0	206.0	49.9	302.0	29.1	176.0	36.1	218.0	26.1	158.0	26471.0	32396.0	31411.0	36574.0	12633.0	12226.0	308.0	11.9	0.293	0.258	16.6	224.0	24.5	332.0	5.4	74.0	5.7	77.0	42.7	577.0	4.0	54.0	0.9	12.0	9.9	134.0	3.2	44.0	8.8	120.0	1.9	25.0	13.6	184.0	7696.0	22892.0	30588.0	35.49	31.69	1.34
Marche	2014		24.9	156.0	25.8	161.0	38.0	238.0	52.1	326.0	30.3	189.0	33.6	211.0	26.7	167.0	25920.0	31656.0	30964.0	36341.0	12363.0	11966.0	293.0	11.2	0.289	0.256	22.8	308.0	22.5	304.0	6.9	94.0	3.6	49.0	38.4	520.0	3.5	47.0	1.1	15.0	10.1	136.0	4.2	57.0	10.1	137.0	1.0	14.0	17.1	231.0	7498.0	22781.0	30279.0	35.47	31.76	1.35
Marche	2015		19.1	122.0	17.3	110.0	34.9	222.0	52.7	336.0	22.9	146.0	31.1	198.0	23.4	149.0	26902.0	31437.0	31650.0	36244.0	11904.0	11881.0	295.0	11.4	0.295	0.265	19.3	262.0	25.9	350.0	8.8	119.0	5.5	74.0	34.2	463.0	5.0	67.0	1.0	14.0	12.9	175.0	4.1	55.0	11.6	157.0	2.0	27.0	19.8	267.0	6127.0	23839.0	29966.0	35.63	31.88	1.33
Molise	2005		29.3	35.0	27.3	33.0	49.1	59.0	70.2	84.0	48.2	57.0	38.8	46.0	34.3	41.0	19450.0	23910.0	24183.0	28163.0	2527.0	2485.0	243.0	12.1	0.32	0.29100000000000004	32.8	92.0	15.7	44.0	8.2	23.0	7.8	22.0	30.2	84.0	3.4	9.0	1.6	5.0	4.9	14.0	2.1	6.0	6.2	17.0	2.1	6.0	11.9	33.0	244.0	4358.0	4602.0	35.14	31.53	1.15
Molise	2006		29.0	35.0	24.3	30.0	40.9	50.0	66.0	81.0	43.2	53.0	33.7	41.0	30.0	37.0	20679.0	23803.0	23838.0	26781.0	2461.0	2421.0	246.0	12.2	0.303	0.275	32.3	90.0	20.8	58.0	10.9	31.0	7.5	21.0	24.4	68.0	3.0	8.0	1.0	3.0	4.5	13.0	2.1	6.0	7.0	20.0	1.6	4.0	10.5	30.0	291.0	4567.0	4858.0	35.34	31.57	1.14
Molise	2007		28.5	36.0	25.6	32.0	45.7	57.0	66.2	83.0	47.4	59.0	35.4	44.0	29.0	36.0	21347.0	25269.0	25287.0	28957.0	2507.0	2424.0	251.0	12.7	0.309	0.273	28.4	80.0	18.8	53.0	10.3	29.0	6.8	19.0	28.2	79.0	3.9	11.0	1.9	5.0	6.8	19.0	3.1	9.0	8.7	24.0	2.4	7.0	11.0	31.0	352.0	4561.0	4913.0	35.32	31.52	1.18
Molise	2008		27.7	35.0	26.8	34.0	44.6	56.0	61.2	77.0	41.0	52.0	37.9	48.0	31.7	40.0	19962.0	23051.0	25873.0	29112.0	2507.0	2468.0	257.0	12.2	0.324	0.29	33.7	95.0	17.6	49.0	7.7	22.0	5.6	16.0	31.4	88.0	3.0	9.0	0.8	2.0	7.3	20.0	2.4	7.0	7.7	22.0	1.9	5.0	8.7	24.0	379.0	4725.0	5104.0	35.48	31.7	1.19
Molise	2009		28.5	35.0	24.8	31.0	41.3	51.0	66.6	82.0	47.2	58.0	31.4	39.0	27.5	34.0	21088.0	25149.0	26142.0	29852.0	2360.0	2325.0	240.0	11.1	0.314	0.285	28.1	79.0	21.2	60.0	9.2	26.0	7.7	22.0	28.9	81.0	3.5	10.0	1.5	4.0	6.4	18.0	2.5	7.0	7.3	20.0	0.8	2.0	9.3	26.0	453.0	4816.0	5269.0	35.69	31.97	1.14
Molise	2010		33.5	42.0	27.4	35.0	55.8	71.0	63.3	80.0	43.8	56.0	40.0	51.0	35.3	45.0	20861.0	24417.0	25439.0	29273.0	2511.0	2406.0	223.0	10.3	0.292	0.26	29.8	84.0	19.3	54.0	10.3	29.0	7.2	20.0	28.1	79.0	3.0	8.0	1.3	4.0	7.7	22.0	2.7	7.0	10.8	30.0	1.5	4.0	13.7	38.0	430.0	4457.0	4887.0	35.76	32.06	1.24
Molise	2011		21.9	27.0	20.9	26.0	34.9	44.0	50.8	64.0	37.7	47.0	26.5	33.0	23.4	29.0	20703.0	23500.0	24638.0	27509.0	2375.0	2218.0	228.0	10.8	0.302	0.278	30.7	85.0	18.7	52.0	7.7	21.0	4.3	12.0	32.9	91.0	4.5	13.0	1.5	4.0	5.4	15.0	2.6	7.0	8.6	24.0	1.0	3.0	9.2	26.0	500.0	4769.0	5269.0	35.59	31.96	1.19
Molise	2012		20.0	25.0	20.3	25.0	31.4	39.0	49.0	61.0	29.3	37.0	24.9	31.0	22.8	28.0	18761.0	22040.0	23459.0	26808.0	2332.0	2108.0	220.0	10.7	0.337	0.309	29.3	81.0	20.3	56.0	9.0	25.0	5.5	15.0	31.5	87.0	3.3	9.0	0.7	2.0	7.1	20.0	2.2	6.0	8.1	22.0	1.8	5.0	10.7	30.0	546.0	5779.0	6325.0	35.71	31.98	1.18
Molise	2013		20.4	26.0	20.5	26.0	34.0	43.0	48.1	60.0	30.2	38.0	26.3	33.0	22.4	28.0	18452.0	23723.0	21607.0	26556.0	2269.0	2079.0	245.0	12.5	0.29600000000000004	0.259	26.5	74.0	20.2	56.0	8.4	23.0	8.3	23.0	33.3	93.0	2.5	7.0	0.7	2.0	7.3	20.0	2.6	7.0	7.8	22.0	1.4	4.0	8.6	24.0	506.0	4691.0	5197.0	35.77	32.26	1.17
Molise	2014		20.2	27.0	20.4	27.0	36.3	48.0	55.1	73.0	39.7	52.0	25.4	33.0	21.7	29.0	20261.0	24573.0	24004.0	28303.0	2213.0	2038.0	211.0	11.7	0.297	0.26	25.6	71.0	20.3	57.0	9.0	25.0	6.4	18.0	32.7	91.0	4.5	13.0	1.2	3.0	6.9	19.0	2.8	8.0	8.8	25.0	2.6	7.0	11.6	32.0	526.0	4379.0	4905.0	35.92	32.09	1.16
Molise	2015		26.4	34.0	27.2	35.0	44.1	57.0	65.2	84.0	38.6	50.0	36.1	47.0	28.1	36.0	20941.0	24611.0	23894.0	27249.0	2181.0	2071.0	218.0	10.9	0.327	0.293	28.8	80.0	20.7	58.0	9.8	27.0	5.4	15.0	29.3	81.0	4.7	13.0	1.2	3.0	6.2	17.0	2.5	7.0	7.2	20.0	0.6	2.0	7.9	22.0	416.0	4261.0	4677.0	35.87	32.34	1.17
Nord-est	2005	11905125.0																																																						
Nord-est	2006	11988012.0																																																						
Nord-est	2007	12066382.0																																																						
Nord-est	2008	12200334.0																																																						
Nord-est	2009	12326908.0																																																						
Nord-est	2010	12404408.0																																																						
Nord-est	2011	12452752.0																																																						
Nord-est	2012	12471847.0																																																						
Nord-est	2013	12560971.0																																																						
Nord-est	2014	12706437.0																																																						
Nord-est	2015	12717094.0																																																						
Nord-ovest	2005	15369783.0																																																						
Nord-ovest	2006	15442827.0																																																						
Nord-ovest	2007	15501293.0																																																						
Nord-ovest	2008	15626343.0																																																						
Nord-ovest	2009	15731876.0																																																						
Nord-ovest	2010	15792807.0																																																						
Nord-ovest	2011	15855835.0																																																						
Nord-ovest	2012	15879123.0																																																						
Nord-ovest	2013	15989392.0																																																						
Nord-ovest	2014	16259316.0																																																						
Nord-ovest	2015	16266941.0																																																						
Piemonte	2005		21.6	401.0	25.1	466.0	41.7	774.0	57.7	1071.0	39.7	737.0	32.3	600.0	23.9	444.0	23846.0	28365.0	28724.0	33440.0	37251.0	36652.0	347.0	14.2	0.304	0.28	24.1	914.0	22.0	831.0	9.9	376.0	7.1	269.0	30.6	1158.0	4.5	171.0	1.0	38.0	9.5	361.0	4.2	158.0	9.9	375.0	1.7	63.0	17.8	675.0	15218.0	104657.0	119875.0	34.78	31.02	1.28
Piemonte	2006		22.7	422.0	22.4	417.0	39.6	737.0	58.3	1086.0	34.5	643.0	35.7	664.0	24.9	463.0	24072.0	28220.0	29388.0	33623.0	37851.0	37461.0	360.0	15.1	0.293	0.262	23.5	891.0	22.2	841.0	8.4	318.0	7.2	274.0	32.5	1233.0	4.0	151.0	1.1	42.0	9.4	357.0	3.5	133.0	8.8	333.0	1.8	67.0	16.8	640.0	16210.0	108860.0	125070.0	34.8	31.0	1.33
Piemonte	2007		19.5	372.0	20.3	388.0	41.6	795.0	54.3	1038.0	33.0	630.0	32.1	613.0	23.1	442.0	24858.0	30089.0	30666.0	35624.0	38565.0	38436.0	371.0	15.1	0.301	0.271	16.5	628.0	22.5	854.0	7.4	282.0	4.7	178.0	41.4	1573.0	4.6	176.0	1.2	47.0	10.9	414.0	4.5	172.0	11.4	432.0	2.8	108.0	18.9	719.0	17648.0	113878.0	131526.0	34.81	31.01	1.37
Piemonte	2008		19.7	384.0	19.3	375.0	39.3	765.0	53.2	1035.0	31.1	606.0	30.3	591.0	21.9	427.0	25603.0	30415.0	30889.0	35474.0	39551.0	39508.0	387.0	15.1	0.298	0.268	19.5	750.0	24.5	939.0	8.0	308.0	5.4	208.0	36.3	1394.0	4.7	179.0	1.5	58.0	10.8	415.0	4.3	164.0	11.5	441.0	1.8	67.0	19.5	750.0	19499.0	109635.0	129134.0	34.84	31.13	1.42
Piemonte	2009		18.6	360.0	20.3	392.0	41.0	791.0	50.2	969.0	31.7	612.0	32.5	627.0	24.6	475.0	26329.0	31477.0	31966.0	37068.0	39123.0	39088.0	363.0	14.1	0.311	0.282	18.5	714.0	22.1	855.0	7.1	272.0	4.8	184.0	40.5	1564.0	4.2	161.0	1.5	58.0	10.1	389.0	3.6	140.0	11.1	429.0	1.8	71.0	17.7	684.0	20216.0	105935.0	126151.0	34.87	31.14	1.43
Piemonte	2010		21.2	417.0	20.3	401.0	38.8	766.0	52.5	1036.0	28.3	558.0	32.9	648.0	24.7	488.0	26048.0	30665.0	32302.0	36938.0	38385.0	38341.0	359.0	13.5	0.32	0.28800000000000003	19.1	740.0	23.0	889.0	9.7	374.0	4.4	170.0	37.1	1437.0	4.2	164.0	1.1	44.0	10.9	422.0	3.8	146.0	11.1	429.0	2.2	86.0	18.4	713.0	21209.0	106846.0	128055.0	34.81	31.19	1.44
Piemonte	2011		19.2	372.0	21.6	419.0	37.9	736.0	50.9	987.0	29.6	574.0	29.0	562.0	22.8	443.0	26817.0	31991.0	32196.0	37129.0	37759.0	37551.0	347.0	12.9	0.319	0.287	18.4	707.0	19.9	765.0	7.0	271.0	4.0	155.0	44.4	1707.0	4.0	155.0	1.5	58.0	12.3	473.0	4.2	161.0	10.8	414.0	1.8	69.0	19.6	752.0	22433.0	106209.0	128642.0	34.95	31.35	1.45
Piemonte	2012		18.0	347.0	20.0	386.0	34.5	666.0	51.2	988.0	28.3	546.0	29.4	568.0	20.7	399.0	26187.0	30825.0	31774.0	36761.0	37067.0	36675.0	352.0	13.1	0.304	0.275	19.1	737.0	22.9	882.0	7.6	294.0	4.4	170.0	40.2	1549.0	4.6	177.0	0.9	36.0	11.7	449.0	3.4	131.0	9.5	365.0	1.2	45.0	17.2	663.0	26876.0	119806.0	146682.0	34.99	31.42	1.43
Piemonte	2013		16.5	322.0	19.3	377.0	32.5	636.0	46.6	913.0	32.4	633.0	26.5	519.0	19.1	375.0	25283.0	30401.0	29572.0	34608.0	35654.0	34930.0	362.0	13.7	0.295	0.271	15.9	613.0	26.0	1003.0	6.3	242.0	3.6	139.0	42.3	1634.0	4.3	164.0	1.4	54.0	9.8	378.0	2.8	108.0	8.2	318.0	1.5	57.0	12.9	500.0	23071.0	105299.0	128370.0	35.05	31.49	1.41
Piemonte	2014		20.2	395.0	23.8	466.0	39.0	764.0	48.8	957.0	32.4	634.0	28.8	564.0	23.0	450.0	25903.0	31010.0	30298.0	35367.0	34637.0	34095.0	354.0	14.4	0.282	0.258	18.8	726.0	24.7	955.0	6.9	268.0	4.3	165.0	38.2	1477.0	5.0	194.0	1.0	37.0	12.6	488.0	4.7	180.0	11.8	458.0	1.6	63.0	17.9	692.0	22031.0	101488.0	123519.0	35.06	31.5	1.4
Piemonte	2015		20.9	407.0	24.0	467.0	38.2	744.0	53.6	1043.0	34.0	661.0	32.8	639.0	24.3	473.0	25684.0	29580.0	30261.0	34644.0	32908.0	32726.0	348.0	13.8	0.298	0.27	17.4	673.0	24.8	959.0	8.3	321.0	4.8	184.0	39.0	1505.0	5.0	192.0	1.3	50.0	11.7	453.0	4.3	165.0	11.7	451.0	2.1	82.0	19.1	736.0	18497.0	103198.0	121695.0	35.17	31.7	1.36
Puglia	2005		25.8	372.0	20.6	298.0	51.8	747.0	62.7	905.0	29.7	428.0	41.7	602.0	38.9	562.0	18914.0	22325.0	23312.0	26890.0	38715.0	38144.0	257.0	13.7	0.32299999999999995	0.297	32.2	1112.0	17.9	616.0	9.8	338.0	11.4	395.0	22.6	780.0	3.1	107.0	0.9	32.0	6.2	213.0	2.1	72.0	6.4	220.0	1.6	55.0	10.3	355.0	1611.0	42417.0	44028.0	34.11	30.53	1.3
Puglia	2006		21.9	326.0	17.2	257.0	46.9	700.0	58.6	875.0	26.1	390.0	35.8	535.0	32.1	480.0	20520.0	24160.0	25009.0	28744.0	37764.0	36820.0	252.0	13.0	0.332	0.3	33.0	1144.0	19.7	682.0	9.7	337.0	8.4	291.0	24.1	835.0	3.0	105.0	1.3	45.0	5.1	178.0	2.1	72.0	7.3	254.0	2.0	68.0	11.1	385.0	1833.0	41596.0	43429.0	34.24	30.65	1.29
Puglia	2007		24.2	356.0	18.4	271.0	50.3	739.0	59.0	866.0	26.3	387.0	39.2	576.0	35.6	523.0	21623.0	25725.0	25893.0	30021.0	38224.0	36596.0	267.0	12.8	0.312	0.28300000000000003	30.8	1068.0	20.1	700.0	7.7	269.0	6.3	219.0	28.3	984.0	3.0	104.0	1.4	50.0	6.2	216.0	1.9	66.0	6.7	233.0	1.9	64.0	9.8	339.0	1887.0	42573.0	44460.0	34.43	30.82	1.32
Puglia	2008		28.9	428.0	20.2	298.0	54.6	808.0	67.4	998.0	30.5	451.0	44.3	656.0	40.6	601.0	21251.0	25369.0	26502.0	30527.0	38284.0	37984.0	286.0	13.3	0.326	0.29600000000000004	33.2	1158.0	20.8	726.0	9.8	340.0	8.0	280.0	23.4	816.0	3.6	126.0	1.3	45.0	6.1	212.0	2.3	81.0	6.1	211.0	1.2	42.0	9.9	345.0	2152.0	44722.0	46874.0	34.36	30.85	1.34
Puglia	2009		23.7	350.0	16.2	239.0	50.0	740.0	63.8	943.0	24.2	358.0	40.9	605.0	35.3	521.0	21942.0	25652.0	26396.0	30521.0	37995.0	36484.0	272.0	12.3	0.316	0.289	34.6	1210.0	18.7	653.0	8.8	308.0	7.8	273.0	25.4	888.0	3.3	116.0	0.7	23.0	5.8	202.0	1.4	49.0	6.4	223.0	1.1	37.0	9.5	333.0	3208.0	41730.0	44938.0	34.5	30.99	1.35
Puglia	2010		22.0	336.0	18.4	281.0	45.3	692.0	60.6	926.0	25.3	386.0	38.5	588.0	34.5	527.0	21681.0	26004.0	26426.0	30610.0	37168.0	35835.0	255.0	11.6	0.33	0.3	32.8	1148.0	18.8	660.0	9.1	318.0	9.6	337.0	25.5	894.0	3.0	104.0	1.0	34.0	5.9	205.0	1.4	50.0	6.2	217.0	1.7	60.0	9.8	342.0	3280.0	44216.0	47496.0	34.57	31.1	1.35
Puglia	2011		21.9	331.0	15.7	237.0	49.6	751.0	57.5	871.0	20.1	304.0	39.7	601.0	31.4	476.0	21177.0	25817.0	25707.0	30256.0	36007.0	33788.0	253.0	11.5	0.319	0.28600000000000003	30.8	1087.0	19.7	695.0	9.7	341.0	6.5	228.0	28.4	1002.0	3.7	132.0	1.2	42.0	6.3	221.0	2.0	70.0	6.6	232.0	1.3	46.0	8.3	292.0	3575.0	43905.0	47480.0	34.68	31.24	1.32
Puglia	2012		23.3	356.0	17.9	273.0	48.4	737.0	60.5	921.0	24.5	373.0	40.0	609.0	32.7	498.0	21195.0	26015.0	24707.0	29474.0	34852.0	33419.0	244.0	11.4	0.29	0.256	34.3	1212.0	19.6	693.0	10.2	360.0	8.5	302.0	23.4	829.0	3.4	121.0	0.8	29.0	5.0	176.0	1.9	68.0	6.5	232.0	1.4	48.0	8.7	309.0	4875.0	48988.0	53863.0	34.79	31.27	1.29
Puglia	2013		26.6	407.0	20.7	317.0	47.6	729.0	59.8	917.0	26.3	403.0	41.6	638.0	35.4	542.0	22388.0	26927.0	26556.0	31124.0	33679.0	31709.0	244.0	11.8	0.304	0.272	30.9	1095.0	21.6	764.0	8.9	314.0	6.0	211.0	28.4	1006.0	3.5	123.0	0.9	33.0	6.9	243.0	2.1	76.0	6.2	218.0	1.5	54.0	7.7	272.0	4113.0	45173.0	49286.0	34.82	31.33	1.28
Puglia	2014		21.1	332.0	17.6	278.0	45.3	713.0	60.4	951.0	21.2	334.0	39.2	617.0	31.5	497.0	21186.0	25279.0	25099.0	29237.0	33191.0	31921.0	257.0	11.6	0.315	0.28800000000000003	32.0	1135.0	20.7	733.0	9.2	326.0	5.7	203.0	26.5	938.0	3.9	137.0	0.8	28.0	6.5	229.0	2.0	71.0	5.7	203.0	1.3	47.0	6.7	237.0	4159.0	42802.0	46961.0	34.82	31.37	1.28
Puglia	2015		22.3	351.0	19.1	300.0	47.6	750.0	63.7	1005.0	21.8	343.0	42.5	671.0	34.0	536.0	22492.0	26493.0	26683.0	30817.0	31577.0	30501.0	260.0	12.4	0.318	0.29	27.9	989.0	23.0	817.0	10.1	358.0	8.0	284.0	25.2	894.0	4.5	161.0	1.0	35.0	7.8	277.0	2.1	75.0	8.3	296.0	1.6	56.0	9.7	343.0	3747.0	42061.0	45808.0	34.96	31.55	1.24
Sardegna	2005		21.8	130.0	13.5	80.0	29.3	175.0	56.6	338.0	24.2	144.0	28.4	169.0	24.3	145.0	22365.0	27146.0	25670.0	30146.0	13226.0	13033.0	262.0	11.7	0.299	0.28	27.2	392.0	19.0	274.0	8.0	115.0	8.3	120.0	31.2	450.0	2.4	34.0	1.8	26.0	7.8	112.0	3.5	50.0	9.1	131.0	2.0	28.0	18.6	269.0	980.0	27224.0	28204.0	35.7	31.94	1.07
Sardegna	2006		18.4	112.0	14.7	89.0	31.5	191.0	63.8	387.0	25.7	156.0	23.6	143.0	20.6	125.0	23522.0	26862.0	27658.0	31128.0	13256.0	12998.0	250.0	11.7	0.319	0.287	25.5	369.0	18.4	267.0	6.0	86.0	7.5	109.0	36.6	531.0	2.8	41.0	2.1	31.0	7.6	110.0	3.7	53.0	10.0	145.0	1.7	25.0	18.4	267.0	1137.0	28952.0	30089.0	35.92	32.02	1.09
Sardegna	2007		20.2	126.0	16.1	100.0	32.1	200.0	61.3	381.0	27.2	169.0	27.6	171.0	23.9	149.0	24252.0	27422.0	28029.0	31734.0	13383.0	13035.0	264.0	11.4	0.317	0.289	23.2	338.0	18.0	262.0	6.7	97.0	4.8	69.0	41.2	600.0	3.1	46.0	2.1	30.0	9.1	133.0	4.8	70.0	9.4	137.0	2.2	31.0	19.1	278.0	1146.0	28871.0	30017.0	35.9	32.1	1.11
Sardegna	2008		15.9	102.0	14.3	92.0	26.5	169.0	55.6	355.0	21.9	140.0	22.0	140.0	22.3	143.0	23292.0	25469.0	27842.0	30165.0	13470.0	13257.0	275.0	11.8	0.306	0.282	20.5	300.0	19.5	286.0	6.1	90.0	4.3	63.0	43.7	640.0	3.3	49.0	2.1	30.0	9.3	137.0	4.0	58.0	9.6	140.0	1.5	22.0	18.4	269.0	1472.0	30414.0	31886.0	35.95	32.19	1.14
Sardegna	2009		18.2	119.0	14.0	91.0	25.9	169.0	54.4	355.0	21.2	139.0	23.6	154.0	18.4	121.0	23313.0	26998.0	28886.0	32609.0	13508.0	13260.0	265.0	11.4	0.305	0.276	20.4	300.0	18.7	274.0	8.5	126.0	6.5	95.0	39.6	581.0	2.7	39.0	1.9	28.0	7.3	107.0	3.2	48.0	10.7	157.0	2.3	34.0	21.9	322.0	1947.0	28468.0	30415.0	35.85	32.08	1.17
Sardegna	2010		19.9	131.0	17.4	114.0	31.2	206.0	60.5	398.0	25.2	166.0	27.7	183.0	25.5	168.0	23586.0	27960.0	27257.0	31467.0	13538.0	13413.0	276.0	11.5	0.31	0.27899999999999997	19.2	282.0	19.9	292.0	7.6	111.0	6.4	95.0	40.5	596.0	3.3	49.0	2.3	34.0	9.9	146.0	3.5	51.0	10.5	155.0	2.5	36.0	20.2	297.0	2208.0	28968.0	31176.0	35.9	32.2	1.19
Sardegna	2011		16.2	109.0	12.3	83.0	25.2	170.0	56.7	382.0	19.2	129.0	21.6	145.0	17.8	120.0	23318.0	27884.0	27659.0	32235.0	13032.0	12650.0	265.0	11.7	0.28300000000000003	0.253	19.3	282.0	20.8	303.0	6.5	95.0	4.7	69.0	44.7	652.0	2.8	41.0	1.2	17.0	9.4	137.0	3.9	57.0	9.9	144.0	1.6	23.0	17.7	258.0	2375.0	28456.0	30831.0	36.05	32.3	1.17
Sardegna	2012		18.7	126.0	17.0	114.0	28.3	190.0	49.1	330.0	24.9	168.0	26.1	176.0	23.9	160.0	22205.0	27023.0	26861.0	31537.0	12444.0	12107.0	266.0	11.6	0.319	0.278	19.2	281.0	19.4	283.0	7.3	107.0	5.2	76.0	43.3	633.0	4.2	62.0	1.4	20.0	9.1	133.0	3.5	51.0	9.1	133.0	1.7	25.0	17.3	253.0	3062.0	32891.0	35953.0	36.1	32.3	1.14
Sardegna	2013		14.6	103.0	16.2	114.0	25.7	180.0	56.5	397.0	26.4	185.0	22.4	157.0	19.3	136.0	22305.0	25914.0	25663.0	29330.0	11872.0	11347.0	265.0	11.8	0.326	0.29600000000000004	19.0	278.0	20.0	293.0	7.7	112.0	3.2	47.0	45.9	674.0	3.6	53.0	0.8	12.0	8.6	126.0	3.1	46.0	8.8	128.0	2.0	29.0	14.4	211.0	2552.0	28800.0	31352.0	36.14	32.37	1.11
Sardegna	2014		15.3	109.0	13.8	98.0	28.6	203.0	54.5	387.0	20.4	145.0	23.3	165.0	19.0	135.0	21604.0	26300.0	24709.0	29872.0	11473.0	11168.0	256.0	12.0	0.33899999999999997	0.295	19.0	279.0	19.2	283.0	5.9	87.0	5.4	79.0	45.9	675.0	2.1	32.0	1.2	18.0	11.0	161.0	4.0	58.0	10.5	154.0	2.7	39.0	17.5	257.0	2463.0	27153.0	29616.0	36.16	32.46	1.1
Sardegna	2015		17.5	124.0	17.1	122.0	25.2	179.0	59.0	420.0	26.0	185.0	24.3	173.0	19.4	138.0	23233.0	27062.0	26013.0	29675.0	11082.0	10896.0	250.0	12.1	0.33899999999999997	0.303	22.1	326.0	21.4	315.0	8.1	119.0	5.3	78.0	38.7	571.0	3.7	55.0	1.2	17.0	11.2	165.0	4.5	66.0	10.2	150.0	1.8	27.0	17.9	264.0	2189.0	26166.0	28355.0	36.04	32.37	1.09
Sicilia	2005		28.9	536.0	26.5	491.0	45.2	839.0	62.7	1163.0	36.4	675.0	46.2	856.0	36.1	670.0	17343.0	20379.0	21923.0	25286.0	50791.0	50253.0	225.0	12.7	0.369	0.341	36.8	1558.0	17.0	719.0	7.5	319.0	9.3	392.0	25.8	1090.0	1.8	78.0	1.2	52.0	5.4	229.0	1.4	59.0	5.4	228.0	1.2	50.0	6.7	285.0	2606.0	73688.0	76294.0	33.76	29.92	1.43
Sicilia	2006		29.0	544.0	21.9	410.0	48.0	901.0	66.9	1255.0	29.9	561.0	42.8	804.0	38.2	717.0	17726.0	20701.0	21841.0	25005.0	49940.0	49354.0	222.0	12.2	0.359	0.32	36.4	1548.0	17.8	758.0	7.1	302.0	7.5	317.0	26.6	1128.0	3.0	127.0	1.6	68.0	4.9	209.0	1.9	79.0	7.1	302.0	1.6	69.0	7.8	332.0	2428.0	74468.0	76896.0	33.9	30.05	1.43
Sicilia	2007		32.7	622.0	27.0	513.0	47.5	901.0	64.5	1224.0	32.8	622.0	48.4	918.0	40.9	777.0	18522.0	22195.0	22723.0	26087.0	49186.0	48136.0	230.0	12.6	0.337	0.304	34.4	1466.0	18.3	778.0	8.0	341.0	6.6	282.0	28.2	1200.0	2.8	120.0	1.0	44.0	4.8	205.0	2.0	87.0	6.9	295.0	1.2	50.0	6.5	279.0	2605.0	78042.0	80647.0	34.08	30.24	1.42
Sicilia	2008		32.0	606.0	26.3	498.0	48.2	913.0	61.7	1170.0	31.8	604.0	44.8	850.0	39.2	744.0	18212.0	21420.0	22672.0	25914.0	49837.0	49188.0	239.0	12.6	0.344	0.31	35.3	1511.0	17.7	758.0	7.3	310.0	7.6	324.0	27.1	1160.0	2.6	111.0	1.3	55.0	4.8	207.0	1.7	74.0	5.8	248.0	1.0	42.0	5.7	242.0	3221.0	79404.0	82625.0	34.05	30.23	1.45
Sicilia	2009		32.8	629.0	28.9	554.0	49.6	951.0	66.7	1278.0	35.3	676.0	45.2	867.0	40.4	773.0	18648.0	22146.0	22938.0	26730.0	49217.0	48467.0	233.0	12.4	0.345	0.308	34.9	1500.0	18.6	799.0	8.8	380.0	7.2	308.0	25.6	1100.0	2.5	108.0	0.9	37.0	6.3	270.0	2.1	89.0	7.1	307.0	1.4	59.0	6.8	292.0	5292.0	74102.0	79394.0	34.11	30.38	1.45
Sicilia	2010		28.9	565.0	25.0	488.0	50.4	982.0	67.8	1322.0	31.6	616.0	46.4	905.0	36.5	712.0	17534.0	21099.0	21139.0	24875.0	48083.0	46393.0	224.0	11.7	0.364	0.327	34.9	1505.0	18.8	810.0	7.5	323.0	7.9	342.0	25.1	1081.0	3.3	143.0	1.0	42.0	6.0	257.0	1.4	60.0	6.1	263.0	0.7	30.0	6.5	281.0	4685.0	77741.0	82426.0	34.19	30.51	1.44
Sicilia	2011		28.4	555.0	24.4	476.0	42.5	831.0	63.1	1233.0	29.4	574.0	42.3	826.0	35.3	689.0	18133.0	21530.0	21620.0	25075.0	47130.0	44672.0	213.0	12.1	0.353	0.318	30.4	1319.0	19.5	846.0	8.4	363.0	7.0	302.0	27.3	1183.0	3.4	147.0	1.1	47.0	5.7	246.0	1.6	70.0	7.0	304.0	1.3	56.0	7.8	336.0	4453.0	73609.0	78062.0	34.24	30.56	1.42
Sicilia	2012		29.8	597.0	26.7	535.0	51.4	1028.0	65.6	1312.0	34.5	691.0	46.6	933.0	37.4	748.0	17799.0	21009.0	21372.0	24779.0	46314.0	44418.0	216.0	12.0	0.37	0.32899999999999996	30.7	1337.0	20.5	892.0	9.2	401.0	6.5	283.0	27.8	1208.0	3.7	160.0	0.9	38.0	6.1	266.0	2.0	89.0	6.2	269.0	1.3	55.0	5.8	250.0	5721.0	91573.0	97294.0	34.26	30.56	1.41
Sicilia	2013		26.6	530.0	23.3	464.0	42.0	837.0	60.3	1201.0	29.5	587.0	45.2	901.0	36.3	724.0	17928.0	21547.0	21923.0	25659.0	44494.0	40958.0	217.0	12.2	0.368	0.327	29.5	1290.0	21.9	957.0	8.7	381.0	7.3	318.0	26.4	1152.0	3.1	136.0	0.7	30.0	5.5	242.0	1.7	73.0	5.8	254.0	1.2	51.0	4.6	201.0	5333.0	78987.0	84320.0	34.4	30.74	1.36
Sicilia	2014		26.8	542.0	26.5	534.0	43.2	873.0	59.6	1204.0	29.2	590.0	41.4	836.0	35.4	716.0	17980.0	22005.0	21807.0	25828.0	44876.0	43901.0	224.0	12.3	0.374	0.331	34.1	1496.0	21.7	951.0	9.9	436.0	5.2	230.0	23.5	1030.0	3.9	169.0	0.9	39.0	5.6	246.0	1.8	80.0	7.1	310.0	0.5	20.0	5.9	260.0	5492.0	73970.0	79462.0	34.5	30.8	1.38
Sicilia	2015		27.3	546.0	27.0	541.0	43.4	870.0	65.0	1301.0	30.4	608.0	44.2	885.0	36.9	739.0	17901.0	22110.0	21946.0	26114.0	43307.0	43187.0	226.0	12.4	0.376	0.326	32.6	1431.0	21.9	960.0	8.5	371.0	5.5	241.0	27.5	1207.0	2.7	120.0	1.2	52.0	7.7	340.0	2.0	87.0	7.1	310.0	1.3	58.0	6.6	289.0	4707.0	70144.0	74851.0	34.63	30.94	1.35
Sud	2005	13957811.0																																																						
Sud	2006	13944785.0																																																						
Sud	2007	13926039.0																																																						
Sud	2008	13965480.0																																																						
Sud	2009	13971529.0																																																						
Sud	2010	13977172.0																																																						
Sud	2011	13983347.0																																																						
Sud	2012	13970037.0																																																						
Sud	2013	13980833.0																																																						
Sud	2014	14167819.0																																																						
Sud	2015	14149806.0																																																						
Toscana	2005		23.1	330.0	19.6	280.0	40.3	576.0	55.0	786.0	31.4	448.0	41.3	590.0	27.0	386.0	25656.0	33709.0	30391.0	38155.0	31390.0	31158.0	341.0	13.6	0.293	0.259	19.3	613.0	19.8	628.0	7.0	223.0	7.2	229.0	39.4	1250.0	3.9	122.0	1.6	52.0	9.4	299.0	3.5	111.0	8.8	280.0	2.6	83.0	24.9	788.0	14784.0	73400.0	88184.0	34.86	31.23	1.28
Toscana	2006		24.5	356.0	22.8	332.0	41.7	607.0	58.1	847.0	37.9	552.0	41.9	610.0	28.6	416.0	26856.0	34187.0	31591.0	38687.0	31595.0	31173.0	340.0	13.4	0.284	0.24100000000000002	19.6	623.0	20.5	654.0	6.5	207.0	4.2	134.0	43.7	1392.0	3.7	116.0	2.0	64.0	9.8	313.0	3.7	117.0	9.2	293.0	2.5	81.0	23.0	732.0	15474.0	74861.0	90335.0	35.03	31.31	1.31
Toscana	2007		21.1	316.0	17.9	268.0	33.4	500.0	53.4	799.0	30.1	450.0	33.7	504.0	22.9	343.0	27396.0	34205.0	32401.0	39354.0	32258.0	32188.0	362.0	13.7	0.29600000000000004	0.253	18.6	595.0	19.6	626.0	6.2	198.0	4.3	137.0	46.4	1485.0	3.3	105.0	1.5	48.0	11.1	355.0	3.5	113.0	9.3	298.0	2.1	66.0	25.4	811.0	15223.0	74047.0	89270.0	35.06	31.31	1.36
Toscana	2008		21.4	317.0	24.2	359.0	36.3	539.0	52.2	774.0	35.7	530.0	36.7	544.0	23.5	349.0	27344.0	33679.0	32920.0	39111.0	33610.0	33369.0	379.0	14.1	0.304	0.262	18.9	608.0	21.4	690.0	6.5	211.0	5.0	160.0	44.2	1425.0	2.4	77.0	1.6	53.0	8.6	277.0	2.8	91.0	8.4	271.0	1.3	41.0	18.8	608.0	16110.0	71287.0	87397.0	35.07	31.36	1.42
Toscana	2009		23.9	372.0	22.6	352.0	39.4	614.0	58.4	909.0	32.1	500.0	40.5	631.0	27.5	428.0	27093.0	34483.0	32174.0	39424.0	32380.0	32178.0	336.0	12.3	0.29	0.253	19.4	630.0	20.9	678.0	5.6	183.0	5.3	173.0	43.7	1420.0	3.2	105.0	1.9	61.0	10.4	338.0	3.4	109.0	9.1	295.0	1.8	59.0	24.1	782.0	18228.0	70823.0	89051.0	35.06	31.4	1.39
Toscana	2010		15.8	246.0	17.0	265.0	32.9	512.0	57.1	889.0	26.1	407.0	34.5	538.0	20.9	325.0	26955.0	33593.0	32154.0	38644.0	32636.0	32071.0	337.0	12.6	0.304	0.263	20.3	663.0	19.7	644.0	8.3	272.0	4.3	140.0	42.4	1382.0	3.3	106.0	1.8	58.0	10.7	349.0	3.9	126.0	9.7	316.0	2.5	81.0	26.5	865.0	18786.0	70127.0	88913.0	35.15	31.53	1.42
Toscana	2011		21.6	340.0	19.5	307.0	36.5	574.0	54.5	859.0	32.4	511.0	40.6	640.0	26.1	411.0	27730.0	33511.0	32487.0	38376.0	31574.0	31366.0	344.0	12.8	0.294	0.26	19.1	622.0	21.0	684.0	4.9	160.0	3.8	125.0	45.6	1489.0	3.3	107.0	1.4	47.0	10.0	327.0	3.8	125.0	9.9	324.0	1.6	53.0	21.0	684.0	20018.0	72049.0	92067.0	35.13	31.57	1.4
Toscana	2012		20.7	330.0	20.8	331.0	36.6	584.0	54.7	872.0	32.1	511.0	39.5	629.0	23.5	374.0	25914.0	33147.0	31107.0	37872.0	31126.0	30944.0	327.0	12.1	0.29100000000000004	0.255	21.2	695.0	18.5	604.0	6.5	212.0	5.5	181.0	42.3	1382.0	3.4	112.0	1.6	54.0	9.6	315.0	3.6	119.0	7.0	229.0	1.6	52.0	19.0	623.0	23719.0	83256.0	106975.0	35.28	31.59	1.39
Toscana	2013		16.9	271.0	19.1	306.0	29.1	465.0	47.0	751.0	26.2	419.0	34.1	545.0	20.6	329.0	27576.0	34545.0	31710.0	38607.0	29479.0	28888.0	362.0	14.0	0.28300000000000003	0.249	16.8	549.0	22.0	720.0	7.1	233.0	4.9	160.0	44.9	1473.0	3.5	115.0	1.3	42.0	10.5	345.0	3.6	119.0	9.2	301.0	1.7	56.0	20.7	679.0	20912.0	70605.0	91517.0	35.3	31.68	1.35
Toscana	2014		19.6	312.0	21.4	341.0	34.5	549.0	47.4	756.0	29.9	476.0	37.6	599.0	24.6	393.0	27426.0	33960.0	32755.0	39591.0	29118.0	28926.0	347.0	13.1	0.29100000000000004	0.257	17.2	564.0	24.9	817.0	7.2	236.0	5.0	163.0	39.6	1299.0	3.8	125.0	1.4	46.0	10.5	345.0	4.5	148.0	8.5	279.0	2.1	69.0	20.8	682.0	19888.0	67818.0	87706.0	35.29	31.71	1.35
Toscana	2015		21.5	347.0	19.9	321.0	35.0	562.0	54.3	873.0	28.3	455.0	40.4	650.0	24.3	391.0	28462.0	34255.0	33323.0	39171.0	27494.0	27296.0	325.0	11.9	0.297	0.265	17.7	583.0	24.7	812.0	6.3	207.0	4.6	153.0	42.2	1386.0	3.5	115.0	1.3	41.0	9.9	326.0	3.1	102.0	9.0	294.0	1.9	61.0	19.3	635.0	17091.0	69138.0	86229.0	35.49	31.9	1.3
Trento	2005		27.4	55.0	14.9	30.0	33.2	67.0	54.8	110.0	31.0	62.0	23.7	48.0	25.2	51.0	27691.0	33230.0	31050.0	36775.0	5194.0	5193.0	297.0	11.7	0.267	0.239	17.1	72.0	21.2	89.0	10.6	44.0	6.8	29.0	34.8	146.0	4.4	18.0	1.6	7.0	23.1	97.0	6.8	29.0	19.4	82.0	4.7	20.0	35.7	150.0	2702.0	10240.0	12942.0	35.06	31.01	1.5
Trento	2006		31.9	64.0	23.5	47.0	40.0	81.0	57.7	117.0	39.6	80.0	31.9	65.0	30.9	62.0	27103.0	32629.0	31115.0	36741.0	5193.0	5193.0	330.0	12.7	0.26	0.225	18.7	79.0	22.3	95.0	8.8	37.0	7.2	30.0	33.1	141.0	5.1	22.0	0.9	4.0	22.6	96.0	8.2	35.0	20.9	89.0	4.2	18.0	33.1	141.0	3078.0	10781.0	13859.0	35.13	31.06	1.52
Trento	2007		28.1	58.0	15.8	33.0	32.7	68.0	53.4	111.0	32.8	68.0	21.2	44.0	24.9	52.0	29754.0	35538.0	33356.0	39412.0	5178.0	5178.0	321.0	12.4	0.266	0.23199999999999998	19.5	84.0	24.9	106.0	7.5	32.0	5.0	22.0	38.6	165.0	4.1	17.0	1.4	6.0	20.8	89.0	7.0	30.0	19.4	83.0	3.0	13.0	30.7	131.0	3009.0	11093.0	14102.0	35.13	31.15	1.53
Trento	2008		20.8	44.0	16.1	34.0	32.2	68.0	53.0	113.0	32.6	69.0	18.8	40.0	21.6	46.0	29082.0	35280.0	35005.0	41191.0	5423.0	5423.0	363.0	13.0	0.31	0.267	16.3	71.0	26.9	116.0	8.1	35.0	5.8	25.0	37.0	161.0	5.7	25.0	1.0	4.0	24.5	106.0	8.8	38.0	20.1	87.0	3.4	15.0	34.6	150.0	3214.0	10799.0	14013.0	35.23	31.19	1.61
Trento	2009		26.2	56.0	20.1	43.0	34.1	73.0	51.3	110.0	32.3	69.0	24.8	53.0	25.6	55.0	29862.0	36212.0	33732.0	40460.0	5356.0	5356.0	336.0	11.5	0.26899999999999996	0.235	17.3	76.0	25.5	112.0	8.4	37.0	7.5	33.0	36.8	161.0	4.3	19.0	0.9	4.0	22.5	99.0	6.7	30.0	20.6	90.0	4.3	19.0	32.1	141.0	3306.0	10718.0	14024.0	35.07	31.25	1.61
Trento	2010		24.8	54.0	15.3	34.0	28.0	61.0	46.7	102.0	22.6	49.0	23.6	52.0	24.9	55.0	31019.0	37356.0	34650.0	41041.0	5454.0	5454.0	327.0	11.6	0.306	0.258	17.0	75.0	22.2	99.0	10.9	48.0	5.4	24.0	37.5	166.0	6.1	27.0	1.6	7.0	24.0	106.0	7.6	33.0	23.0	102.0	3.6	16.0	34.1	151.0	3451.0	10836.0	14287.0	35.27	31.33	1.66
Trento	2011		23.9	54.0	13.4	30.0	32.0	72.0	47.2	106.0	27.4	61.0	21.2	47.0	18.4	41.0	28522.0	34239.0	31804.0	37726.0	5295.0	5295.0	320.0	11.1	0.28	0.243	17.0	75.0	24.1	107.0	8.1	36.0	4.4	20.0	41.0	182.0	4.8	21.0	1.6	7.0	22.7	101.0	7.0	31.0	20.5	91.0	3.5	16.0	35.1	156.0	3390.0	11386.0	14776.0	35.31	31.51	1.62
Trento	2012		20.1	44.0	15.3	33.0	23.0	50.0	41.4	90.0	28.5	62.0	21.7	47.0	22.5	49.0	29155.0	34906.0	33922.0	39517.0	5153.0	5152.0	336.0	12.7	0.28600000000000003	0.255	19.4	87.0	25.9	116.0	8.2	37.0	5.2	23.0	35.3	158.0	5.8	26.0	1.7	8.0	22.8	102.0	6.7	30.0	18.1	81.0	3.6	16.0	29.5	132.0	3752.0	12398.0	16150.0	35.21	31.4	1.6
Trento	2013		16.4	36.0	14.1	31.0	28.4	62.0	49.9	108.0	24.9	54.0	24.8	54.0	21.8	47.0	27297.0	32980.0	32217.0	38300.0	5113.0	5113.0	355.0	12.6	0.275	0.244	18.9	85.0	25.6	115.0	6.9	31.0	7.0	31.0	34.0	154.0	6.0	27.0	0.7	3.0	22.1	100.0	6.1	28.0	17.7	80.0	2.5	11.0	27.9	126.0	3537.0	11458.0	14995.0	35.37	31.57	1.6
Trento	2014		19.5	44.0	16.1	36.0	28.4	64.0	45.8	104.0	22.4	51.0	17.5	40.0	20.5	47.0	26859.0	32429.0	32177.0	38446.0	4862.0	4862.0	348.0	13.0	0.26899999999999996	0.244	14.7	67.0	26.2	119.0	9.2	42.0	8.6	39.0	36.9	167.0	4.0	18.0	1.1	5.0	21.1	96.0	6.1	28.0	20.9	95.0	3.4	16.0	25.0	114.0	3327.0	11326.0	14653.0	35.4	31.73	1.54
Trento	2015		15.7	36.0	11.8	27.0	28.0	65.0	45.1	105.0	18.8	44.0	16.8	39.0	17.2	40.0	24833.0	31246.0	32612.0	37987.0	4836.0	4836.0	322.0	12.0	0.285	0.256	15.8	72.0	23.4	107.0	12.1	55.0	5.6	25.0	36.1	165.0	5.9	27.0	1.3	6.0	23.7	108.0	7.1	33.0	20.2	92.0	2.6	12.0	28.7	131.0	2725.0	11741.0	14466.0	35.38	31.74	1.56
Umbria	2005		25.7	86.0	24.1	80.0	36.0	120.0	47.0	157.0	34.0	114.0	41.9	140.0	27.0	90.0	22490.0	28402.0	28286.0	33514.0	7732.0	7674.0	296.0	12.6	0.295	0.265	28.4	214.0	20.7	156.0	6.9	52.0	6.4	48.0	34.0	256.0	2.7	21.0	1.8	13.0	7.2	54.0	3.0	23.0	10.8	81.0	1.4	10.0	19.2	144.0	3491.0	13332.0	16823.0	34.73	30.79	1.34
Umbria	2006		22.5	76.0	19.7	67.0	33.2	112.0	43.3	147.0	29.1	98.0	37.6	127.0	23.4	79.0	24368.0	29547.0	30867.0	35882.0	7822.0	7744.0	286.0	12.1	0.307	0.268	23.2	176.0	18.6	141.0	7.0	54.0	6.1	46.0	41.0	312.0	2.6	20.0	1.6	12.0	9.0	68.0	4.0	30.0	8.8	67.0	2.6	20.0	20.0	152.0	3363.0	13418.0	16781.0	34.94	30.94	1.37
Umbria	2007		26.5	92.0	20.7	72.0	36.3	125.0	54.2	187.0	35.6	123.0	37.8	131.0	26.4	91.0	25209.0	31301.0	30868.0	36607.0	8028.0	8003.0	310.0	12.0	0.284	0.249	22.5	172.0	20.0	153.0	5.3	41.0	4.5	34.0	42.7	326.0	2.4	18.0	1.4	11.0	7.4	56.0	3.1	24.0	8.9	68.0	1.8	14.0	16.2	124.0	3651.0	14193.0	17844.0	34.98	31.07	1.4
Umbria	2008		20.9	74.0	16.8	60.0	32.0	114.0	47.0	167.0	26.2	94.0	39.3	140.0	21.5	77.0	25629.0	29850.0	30995.0	35220.0	8271.0	8273.0	331.0	12.9	0.276	0.251	21.2	164.0	22.4	173.0	4.9	38.0	4.3	33.0	41.7	322.0	4.0	31.0	1.8	14.0	10.2	79.0	4.8	37.0	11.1	86.0	1.6	12.0	19.9	154.0	3734.0	13562.0	17296.0	34.93	31.02	1.45
Umbria	2009		21.9	78.0	20.9	74.0	38.5	137.0	54.1	193.0	30.3	108.0	38.4	137.0	24.7	88.0	25462.0	30046.0	30593.0	35163.0	7879.0	7872.0	323.0	12.5	0.273	0.25	24.5	191.0	21.4	167.0	6.7	52.0	6.3	49.0	36.5	285.0	3.0	23.0	1.6	13.0	9.4	74.0	4.0	31.0	9.7	75.0	1.4	11.0	17.0	133.0	4113.0	14087.0	18200.0	35.06	31.17	1.39
Umbria	2010		23.7	86.0	22.8	83.0	30.4	110.0	50.9	184.0	30.1	109.0	35.7	129.0	21.8	79.0	25892.0	30360.0	30703.0	35541.0	7933.0	7931.0	301.0	11.8	0.287	0.257	27.1	213.0	19.9	157.0	7.4	58.0	4.1	32.0	36.6	287.0	3.0	23.0	1.6	13.0	7.9	62.0	3.7	29.0	10.8	85.0	1.8	14.0	17.9	141.0	4210.0	13795.0	18005.0	35.05	31.11	1.42
Umbria	2011		24.4	92.0	20.4	77.0	34.0	129.0	55.2	209.0	30.5	115.0	35.3	134.0	24.4	92.0	25884.0	30948.0	30805.0	35916.0	7740.0	7734.0	292.0	11.4	0.304	0.27	19.0	148.0	18.1	141.0	7.1	55.0	4.6	36.0	46.9	364.0	2.8	22.0	1.7	13.0	8.7	68.0	4.1	31.0	9.5	74.0	1.6	12.0	19.1	148.0	4363.0	12865.0	17228.0	35.18	31.36	1.4
Umbria	2012		18.0	67.0	16.7	62.0	32.5	121.0	49.8	185.0	29.4	109.0	35.1	130.0	20.6	77.0	24833.0	29351.0	29555.0	34448.0	7596.0	7588.0	288.0	11.2	0.287	0.259	25.3	196.0	19.2	149.0	7.4	58.0	3.5	27.0	40.2	313.0	3.8	29.0	0.8	7.0	7.3	57.0	2.4	18.0	8.4	65.0	1.5	11.0	15.1	118.0	4705.0	15264.0	19969.0	35.34	31.48	1.38
Umbria	2013		17.3	63.0	14.8	54.0	34.9	127.0	51.2	186.0	24.1	88.0	35.1	128.0	20.5	74.0	25156.0	30404.0	30161.0	35471.0	7375.0	7359.0	320.0	13.0	0.315	0.28300000000000003	20.6	161.0	22.3	174.0	5.2	40.0	3.7	29.0	43.9	342.0	4.0	31.0	0.9	7.0	10.1	79.0	2.7	21.0	8.1	63.0	1.4	11.0	12.9	101.0	4044.0	12333.0	16377.0	35.39	31.46	1.37
Umbria	2014		18.2	68.0	17.4	66.0	33.2	125.0	45.9	173.0	25.1	94.0	36.6	138.0	19.5	73.0	24685.0	29761.0	28715.0	33382.0	7015.0	6974.0	317.0	12.6	0.292	0.267	22.4	175.0	22.6	177.0	7.9	62.0	4.6	36.0	37.8	296.0	3.1	24.0	1.0	8.0	10.3	80.0	4.1	32.0	8.8	69.0	1.5	12.0	16.0	125.0	3602.0	11800.0	15402.0	35.38	31.56	1.32
Umbria	2015		20.2	76.0	18.7	70.0	32.0	120.0	49.4	185.0	27.0	101.0	35.6	133.0	21.1	79.0	24764.0	29706.0	30094.0	34815.0	6542.0	6517.0	299.0	12.5	0.307	0.27399999999999997	18.6	145.0	20.9	164.0	8.0	63.0	5.3	41.0	43.7	342.0	2.6	20.0	1.8	14.0	12.8	100.0	3.6	28.0	12.5	98.0	1.6	13.0	17.1	133.0	3371.0	12625.0	15996.0	35.38	31.61	1.27
Valle d'Aosta / Vallée d'Aoste	2005		27.7	15.0	27.7	15.0	36.7	20.0	50.5	28.0	46.2	26.0	24.0	13.0	24.6	14.0	23924.0	29589.0	28485.0	33767.0	1161.0	1142.0	324.0	13.0	0.259	0.24	26.0	28.0	18.7	20.0	11.9	13.0	10.9	12.0	25.2	27.0	4.8	5.0	1.5	2.0	11.6	12.0	4.0	4.0	8.5	9.0	2.1	2.0	22.9	24.0	579.0	3988.0	4567.0	34.44	30.74	1.34
Valle d'Aosta / Vallée d'Aoste	2006		28.4	16.0	22.7	13.0	37.0	20.0	58.0	32.0	48.1	27.0	22.4	12.0	21.7	12.0	23783.0	27134.0	29987.0	33866.0	1250.0	1218.0	329.0	13.8	0.304	0.271	24.9	27.0	21.1	23.0	11.2	12.0	7.7	8.0	28.9	31.0	3.8	4.0	1.8	2.0	12.4	13.0	5.0	5.0	11.5	12.0	1.6	2.0	19.0	20.0	558.0	3905.0	4463.0	34.98	31.14	1.45
Valle d'Aosta / Vallée d'Aoste	2007		20.3	11.0	19.5	11.0	27.0	15.0	46.6	26.0	33.7	19.0	19.6	11.0	15.6	9.0	24891.0	29782.0	30570.0	35267.0	1241.0	1221.0	352.0	14.1	0.27	0.242	16.8	18.0	19.5	21.0	9.4	10.0	5.2	6.0	41.1	44.0	5.8	6.0	1.4	1.0	10.0	11.0	3.5	4.0	10.6	11.0	2.0	2.0	17.6	19.0	707.0	4007.0	4714.0	34.75	30.96	1.48
Valle d'Aosta / Vallée d'Aoste	2008		26.0	15.0	24.5	14.0	29.4	17.0	48.7	28.0	40.8	24.0	22.1	13.0	20.1	12.0	27462.0	32839.0	34071.0	39179.0	1296.0	1291.0	352.0	13.8	0.311	0.273	19.3	21.0	20.9	23.0	8.7	9.0	5.4	6.0	38.3	42.0	3.7	4.0	0.7	1.0	12.7	14.0	5.5	6.0	13.2	14.0	2.5	3.0	22.7	25.0	692.0	3837.0	4529.0	34.6	30.98	1.57
Valle d'Aosta / Vallée d'Aoste	2009		24.4	14.0	21.9	12.0	30.1	17.0	54.2	31.0	38.2	21.0	17.8	10.0	16.1	9.0	26565.0	32454.0	32966.0	38339.0	1308.0	1300.0	343.0	12.1	0.29	0.256	19.9	22.0	22.8	25.0	11.2	12.0	10.0	11.0	29.2	32.0	3.9	4.0	1.4	2.0	9.4	10.0	4.0	4.0	12.6	14.0	2.1	2.0	18.9	21.0	809.0	4370.0	5179.0	34.75	31.0	1.63
Valle d'Aosta / Vallée d'Aoste	2010		28.2	16.0	22.5	13.0	36.3	21.0	54.7	31.0	44.4	26.0	21.0	12.0	18.5	11.0	26436.0	31042.0	32309.0	37317.0	1254.0	1248.0	356.0	12.9	0.282	0.25	18.5	20.0	24.7	27.0	9.7	11.0	8.8	10.0	32.3	36.0	5.4	6.0	1.5	2.0	12.4	14.0	5.2	6.0	12.4	14.0	1.7	2.0	22.2	24.0	783.0	4206.0	4989.0	34.33	30.75	1.63
Valle d'Aosta / Vallée d'Aoste	2011		18.9	11.0	18.7	11.0	28.5	17.0	48.7	28.0	34.5	20.0	19.5	11.0	16.3	9.0	26801.0	32114.0	32093.0	36339.0	1221.0	1204.0	351.0	13.0	0.306	0.28	20.2	22.0	21.8	24.0	9.0	10.0	6.1	7.0	36.4	40.0	3.7	4.0	1.3	1.0	14.4	16.0	5.4	6.0	10.7	12.0	2.2	2.0	22.9	25.0	775.0	3870.0	4645.0	34.96	31.11	1.6
Valle d'Aosta / Vallée d'Aoste	2012		18.6	11.0	19.9	12.0	24.7	15.0	44.8	26.0	37.1	22.0	16.0	9.0	15.2	9.0	26392.0	29889.0	31296.0	35602.0	1177.0	1161.0	354.0	13.2	0.295	0.273	19.8	22.0	19.0	21.0	9.0	10.0	4.9	5.0	39.9	44.0	4.9	5.0	0.8	1.0	11.8	13.0	4.4	5.0	11.3	12.0	2.0	2.0	21.1	23.0	1009.0	4559.0	5568.0	34.75	31.15	1.57
Valle d'Aosta / Vallée d'Aoste	2013		13.7	8.0	17.9	11.0	22.2	13.0	38.4	23.0	34.8	21.0	14.6	9.0	13.6	8.0	24575.0	29446.0	29634.0	34188.0	1059.0	1005.0	359.0	13.8	0.265	0.24100000000000002	20.0	22.0	22.8	25.0	8.4	9.0	5.5	6.0	37.4	41.0	4.3	5.0	0.7	1.0	9.9	11.0	3.2	4.0	8.1	9.0	1.7	2.0	16.1	18.0	840.0	4230.0	5070.0	35.01	31.26	1.44
Valle d'Aosta / Vallée d'Aoste	2014		26.1	16.0	27.4	17.0	36.5	22.0	49.5	30.0	40.7	25.0	24.3	15.0	23.4	14.0	25088.0	30388.0	30280.0	34555.0	1119.0	1075.0	358.0	14.5	0.27699999999999997	0.256	19.7	22.0	25.6	28.0	7.5	8.0	3.8	4.0	35.3	39.0	6.3	7.0	1.3	1.0	11.9	13.0	4.2	5.0	9.5	11.0	2.3	3.0	16.7	19.0	807.0	3999.0	4806.0	35.0	31.72	1.54
Valle d'Aosta / Vallée d'Aoste	2015		22.0	13.0	22.8	14.0	33.6	21.0	54.9	34.0	42.6	26.0	20.9	13.0	20.3	12.0	25951.0	29466.0	31151.0	34775.0	987.0	983.0	343.0	13.6	0.292	0.273	17.9	20.0	26.8	30.0	8.5	9.0	5.4	6.0	36.0	40.0	4.0	4.0	2.6	3.0	16.8	19.0	4.7	5.0	10.7	12.0	2.3	3.0	22.9	25.0	660.0	3847.0	4507.0	35.17	31.61	1.4
Veneto	2005		26.7	480.0	28.1	505.0	45.9	826.0	62.8	1130.0	34.2	615.0	35.4	637.0	26.9	483.0	25121.0	31822.0	29431.0	35819.0	46264.0	45784.0	342.0	14.1	0.287	0.25	18.1	730.0	24.5	990.0	7.9	319.0	7.6	309.0	36.2	1465.0	4.0	164.0	1.3	52.0	13.7	553.0	6.0	241.0	13.7	554.0	2.7	109.0	24.6	994.0	30377.0	99456.0	129833.0	35.0	31.11	1.36
Veneto	2006		22.6	409.0	21.2	385.0	39.7	720.0	57.1	1034.0	28.0	506.0	31.6	572.0	24.9	450.0	26275.0	31392.0	30989.0	36336.0	47055.0	46696.0	342.0	13.9	0.292	0.252	19.6	799.0	24.6	1003.0	7.4	302.0	5.1	207.0	37.4	1526.0	4.0	162.0	1.4	57.0	13.1	534.0	5.2	210.0	13.9	568.0	2.4	96.0	21.2	865.0	32465.0	103420.0	135885.0	35.14	31.18	1.41
Veneto	2007		19.5	369.0	19.7	372.0	39.0	737.0	53.2	1004.0	25.7	485.0	28.5	538.0	19.9	375.0	27536.0	33609.0	31492.0	37826.0	47633.0	47420.0	362.0	14.0	0.27699999999999997	0.23600000000000002	16.4	672.0	23.7	971.0	6.3	258.0	4.0	163.0	44.1	1810.0	3.7	151.0	1.7	70.0	13.8	568.0	5.2	212.0	12.5	513.0	2.8	115.0	21.6	886.0	32494.0	104958.0	137452.0	35.15	31.22	1.44
Veneto	2008		20.2	387.0	22.4	428.0	41.8	800.0	55.4	1059.0	29.9	572.0	29.0	554.0	24.9	477.0	27630.0	33179.0	32075.0	37518.0	48615.0	48679.0	381.0	14.5	0.27899999999999997	0.24600000000000002	14.4	596.0	26.3	1090.0	6.5	270.0	4.2	176.0	42.6	1767.0	4.8	199.0	1.6	65.0	13.7	568.0	4.9	202.0	12.0	498.0	2.2	92.0	20.3	842.0	30492.0	98915.0	129407.0	35.14	31.2	1.49
Veneto	2009		18.6	360.0	20.0	387.0	33.2	640.0	54.0	1042.0	26.1	503.0	25.9	501.0	18.6	359.0	27922.0	33912.0	31348.0	37767.0	47682.0	47579.0	364.0	13.6	0.275	0.23800000000000002	16.9	710.0	22.4	939.0	7.7	322.0	5.0	211.0	41.6	1742.0	3.9	164.0	1.2	51.0	12.8	535.0	3.9	164.0	12.8	537.0	2.2	91.0	20.6	865.0	29217.0	96827.0	126044.0	35.2	31.26	1.49
Veneto	2010		20.2	396.0	22.2	436.0	35.8	702.0	53.3	1047.0	28.6	562.0	28.2	553.0	22.1	434.0	27989.0	33790.0	32336.0	38020.0	46925.0	46576.0	345.0	13.2	0.28800000000000003	0.254	16.3	684.0	23.1	972.0	8.3	351.0	5.4	226.0	39.8	1677.0	4.7	198.0	1.3	53.0	13.7	577.0	4.8	203.0	12.6	531.0	2.2	91.0	22.1	930.0	29936.0	96351.0	126287.0	35.3	31.43	1.5
Veneto	2011		18.1	355.0	18.7	367.0	37.8	741.0	52.3	1026.0	27.0	530.0	27.6	542.0	20.9	410.0	27840.0	32982.0	32715.0	38067.0	45393.0	44927.0	337.0	12.5	0.3	0.266	17.7	743.0	22.1	924.0	6.3	265.0	3.1	130.0	45.2	1895.0	4.5	190.0	1.3	56.0	16.2	677.0	5.9	245.0	14.4	603.0	3.3	136.0	22.1	924.0	32239.0	97978.0	130217.0	35.28	31.55	1.48
Veneto	2012		18.5	363.0	19.9	389.0	32.4	634.0	47.8	935.0	23.6	463.0	28.0	548.0	22.2	434.0	27549.0	33202.0	32078.0	37684.0	44403.0	44172.0	332.0	12.2	0.299	0.265	17.8	747.0	22.9	963.0	7.3	305.0	4.1	174.0	41.4	1740.0	5.6	236.0	1.0	41.0	15.0	632.0	5.1	215.0	13.5	566.0	1.9	79.0	20.4	856.0	33797.0	104843.0	138640.0	35.38	31.56	1.46
Veneto	2013		16.0	317.0	17.5	347.0	30.2	599.0	47.6	944.0	23.2	461.0	25.7	510.0	18.0	358.0	27469.0	33555.0	31416.0	37763.0	41973.0	41622.0	334.0	12.5	0.28800000000000003	0.251	13.4	564.0	24.0	1015.0	6.2	260.0	3.6	151.0	47.9	2023.0	4.2	179.0	0.7	31.0	15.2	643.0	4.8	201.0	11.2	472.0	1.8	77.0	17.8	753.0	29251.0	91023.0	120274.0	35.45	31.71	1.42
Veneto	2014		17.5	342.0	18.8	369.0	37.7	737.0	52.6	1030.0	26.8	525.0	27.9	547.0	19.9	389.0	26802.0	33205.0	31392.0	38075.0	40629.0	40567.0	333.0	12.7	0.276	0.237	17.4	737.0	25.3	1071.0	7.4	314.0	3.2	135.0	40.2	1702.0	4.8	203.0	1.4	61.0	13.8	585.0	4.2	179.0	11.0	468.0	1.8	74.0	17.7	751.0	28871.0	91372.0	120243.0	35.4	31.74	1.41
Veneto	2015		15.6	314.0	21.0	423.0	34.3	690.0	51.1	1028.0	24.0	483.0	27.4	552.0	19.2	386.0	28065.0	33855.0	32973.0	38801.0	38961.0	38694.0	323.0	12.3	0.289	0.253	17.1	726.0	25.9	1101.0	7.8	331.0	4.8	204.0	39.1	1660.0	4.2	177.0	1.1	47.0	14.2	603.0	4.3	183.0	12.2	517.0	2.2	92.0	17.1	727.0	23881.0	96505.0	120386.0	35.53	31.9	1.38
